"cumulative catch (tons per time step of saving). ex: if time step of saving is the year, then annual catches are saved"
"Time","lesserSpottedDogfish","redMullet","pouting","whiting","poorCod","cod","dragonet","sole","plaice","horseMackerel","mackerel","herring","sardine","squids","cuttlefish","thornbackRay"
0.083333336,12870.383,34.07275,72.766,868.47626,0.0,611.04285,0.0,1601.8594,394.9135,538.277,4186.5405,59557.508,48.562416,140.51253,0.0,14.198632
0.16666667,4311.873,32.698723,65.95275,1036.582,0.0,616.297,0.0,481.91672,155.2308,260.0658,2163.4058,14304.232,55.352215,98.64984,0.0,14.485875
0.25,1902.6753,58.50891,75.47936,1047.8228,0.0,617.52966,0.0,388.86554,129.0635,239.97205,2222.4456,9388.857,91.35494,81.63198,0.0,14.875892
0.33333334,1015.06445,94.5072,86.273605,1032.8954,0.0,623.6388,0.0,321.48508,123.291245,247.2272,2307.0837,0.0,359.23566,69.082184,0.0,15.365125
0.41666666,410.94806,120.61645,94.07257,963.38586,0.0,621.8136,0.0,231.10724,115.731186,260.654,2281.443,0.0,640.73267,65.73897,1516.5597,16.002048
0.5,287.13187,138.63104,97.64016,957.4361,0.0,605.6449,0.0,146.87286,138.74829,267.99585,2058.9688,0.0,456.10898,322.76572,65.08926,16.832537
0.5833333,224.12534,123.29697,95.64313,2547.94,0.0,582.16254,0.0,72.76413,151.42995,119.30486,1509.4491,0.0,205.62173,1706.8424,64.48549,17.445488
0.6666667,177.40256,92.24891,336.5104,2516.0283,0.0,550.84467,0.0,89.029785,177.12872,98.58613,1084.6361,0.0,106.21219,1440.4597,64.19727,18.004276
0.75,157.8824,88.878654,775.5639,2206.563,0.0,519.72894,0.0,401.8609,221.60135,100.30252,814.18835,0.0,89.84194,764.20074,64.163506,18.597479
0.8333333,140.65952,90.9483,870.92865,2693.403,0.0,501.09933,0.0,628.58435,257.84344,121.875374,619.13715,22710.91,82.2114,796.30115,93.92829,19.220833
0.9166667,140.86775,94.56787,774.02026,2875.5872,0.0,488.53784,0.0,899.73096,236.49074,118.729675,894.0697,472.05493,223.11707,838.1021,157.63992,19.872551
1.0,171.67224,101.88594,678.6051,2752.0942,0.0,476.8441,0.0,695.78894,200.65422,118.8304,898.0618,527.4889,330.33176,484.05,178.34515,20.57533
1.0833334,222.71048,110.75662,443.9743,1908.7341,0.0,545.53754,0.0,424.253,189.64485,113.46191,778.53577,835.34955,250.24771,302.2958,0.0,24.422115
1.1666666,223.21643,105.95437,203.69499,1176.0143,0.0,534.3764,0.0,241.59175,155.71414,95.80957,821.7519,873.50146,257.22733,179.90018,0.0,25.673578
1.25,238.1638,148.29256,150.67091,705.7958,0.0,531.0152,0.0,140.69276,129.36708,102.28693,1448.0132,924.14935,381.4944,145.80972,0.0,27.15254
1.3333334,251.63052,242.65616,144.35475,546.45703,0.0,521.015,0.0,82.58602,109.11698,117.31529,2226.676,0.0,829.333,103.6194,0.0,28.851276
1.4166666,255.66821,298.36127,141.49521,450.348,0.0,504.47174,0.0,47.758354,91.03918,138.74332,2838.9487,0.0,1094.896,352.24103,19.192114,30.694138
1.5,243.10153,245.95158,131.51268,385.6424,0.0,484.61633,0.0,28.32465,267.7639,161.36209,2953.6965,0.0,910.66956,825.65375,2.4926887,32.87454
1.5833334,212.51122,133.18112,110.821014,976.4126,0.0,472.41104,0.0,15.464023,226.78384,147.68271,2120.5254,0.0,574.1468,1038.7408,2.568318,34.825844
1.6666666,167.23222,85.32484,345.06714,919.8727,0.0,456.83173,0.0,66.63998,241.63524,139.34355,1085.4949,0.0,517.7969,611.0622,2.5176055,36.637577
1.75,128.11972,82.25048,736.6442,1167.405,0.0,430.91263,0.0,369.8295,363.0889,141.07442,732.42664,0.0,579.06805,598.69794,2.477552,38.513657
1.8333334,105.76314,79.76922,996.78656,1667.8702,0.0,416.89767,0.0,888.75696,418.26614,162.3233,517.9387,914.4525,702.3309,567.26044,45.91685,40.454304
1.9166666,89.45611,77.655655,1145.1646,2158.5283,0.0,408.3511,0.0,1347.0209,383.592,183.12247,813.5862,123.41834,903.9402,492.13956,117.35363,42.465645
2.0,83.365295,73.966705,701.20917,2119.9219,0.0,396.80872,0.0,1355.5148,331.2747,205.39742,1282.2877,130.45364,796.5211,432.27075,146.36725,44.557472
2.0833333,82.504105,64.994514,414.07147,1044.0393,0.0,384.62698,0.0,682.1562,280.7544,164.41148,889.0796,111.43135,378.09097,339.72693,0.0,46.831635
2.1666667,75.42788,69.49801,195.11151,510.97528,0.0,378.71033,0.0,384.81488,243.7261,99.164314,918.2531,105.11561,325.27158,246.57109,0.0,49.63739
2.25,72.49003,113.827896,173.23976,395.68915,0.0,367.7671,0.0,262.7645,210.29475,103.82573,1575.8059,91.58958,430.2569,176.0142,0.0,52.88606
2.3333333,71.16334,210.16716,178.40349,359.7326,0.0,359.34583,0.0,183.39941,174.59132,127.24474,2636.8618,0.0,694.0299,149.03578,0.0,56.35192
2.4166667,70.04254,271.23932,177.48009,321.126,0.0,350.92908,0.0,126.57104,131.94046,159.30174,3256.6414,0.0,1046.398,665.50464,18.263746,60.062054
2.5,65.70877,233.41025,164.46066,279.95453,0.0,337.12933,0.0,69.19416,219.68594,187.50894,3337.8787,0.0,951.2542,1347.2961,2.2755218,64.157486
2.5833333,56.85366,130.71622,129.70963,1186.2377,0.0,323.21863,0.0,31.114573,249.59004,170.89229,2380.958,0.0,506.7452,1917.9148,2.2947662,67.978546
2.6666667,48.89336,94.08344,355.37634,2095.018,0.0,313.14438,0.0,106.49601,253.39305,127.78702,1672.6082,0.0,432.6247,1573.8627,2.2085211,71.636375
2.75,43.06987,90.98944,538.86414,1741.1765,0.0,307.10294,0.0,509.33813,411.68793,133.89682,1105.3191,0.0,438.74832,1491.385,2.1159294,75.381
2.8333333,38.234795,87.22791,920.7316,1818.3997,0.0,300.65338,0.0,973.40204,529.4739,144.0965,801.9276,32.631332,505.7995,1431.9125,41.62278,79.20628
2.9166667,34.325054,94.449936,1237.1932,2000.2188,0.0,294.16724,0.0,1239.6318,458.78812,158.64577,1815.947,4.0063305,678.6885,1216.4712,86.298195,83.11835
3.0,33.92617,90.04274,911.1026,2146.7124,0.0,287.8875,0.0,1022.86707,373.67953,158.9833,1715.4551,4.0262766,608.4931,976.8629,98.61165,87.1205
3.0833333,33.294605,81.59296,418.68863,1793.0519,0.0,280.8795,0.0,686.85846,312.21368,162.58159,816.2454,6.052678,478.24457,766.22723,0.0,98.371895
3.1666667,32.129814,91.260056,216.0175,1186.7462,0.0,273.74725,0.0,391.90662,251.8153,122.81693,937.23334,5.1857247,454.94174,347.58286,0.0,103.61617
3.25,31.23874,132.43611,172.88618,709.5426,0.0,261.5283,0.0,243.61476,215.54285,127.89404,1303.7079,4.353576,615.44165,198.9831,0.0,109.58152
3.3333333,30.742947,219.31726,170.7068,580.7745,0.0,249.85233,0.0,156.49466,182.58914,141.96935,2130.0366,0.0,1416.1195,157.68332,0.0,116.02177
3.4166667,29.904255,258.3874,175.60727,558.6468,0.0,240.1386,0.0,91.82404,150.19067,167.36238,3071.9731,0.0,2074.9268,233.37335,11.560102,123.11341
3.5,28.772741,186.92352,175.73038,585.8565,0.0,231.73639,0.0,44.8423,257.4955,205.6551,3360.9878,0.0,1648.222,453.8412,1.3492296,131.35678
3.5833333,26.337988,103.90396,165.4279,954.2237,0.0,220.07574,0.0,24.353773,245.81471,219.33902,2009.4287,0.0,909.6142,884.4002,1.3396918,138.68909
3.6666667,22.644552,74.29168,333.65695,2024.1824,0.0,212.78973,0.0,88.5554,231.55537,199.86528,1112.3127,0.0,761.7845,1275.3322,1.2580286,145.48935
3.75,20.272335,73.44165,581.91766,3047.0737,0.0,206.43054,0.0,341.40857,319.43582,208.36563,802.77075,0.0,704.03674,1649.9529,1.193111,152.38037
3.8333333,18.42279,76.00598,844.0062,3508.7915,0.0,197.33194,0.0,810.6599,376.43246,222.9653,562.6451,13.824154,727.44617,2100.6665,46.854,159.1818
3.9166667,16.85512,81.5256,1003.43713,4213.6045,0.0,186.3915,0.0,872.2755,354.4127,253.69244,629.68164,1.8031977,922.5159,1180.5056,101.04393,165.75302
4.0,16.608326,78.55093,900.0369,3930.0225,0.0,179.71968,0.0,757.13074,307.4614,258.19174,1135.3685,1.8333552,826.86523,939.42633,112.83362,172.88881
4.0833335,13.671212,51.589336,326.92725,2210.2952,0.0,128.40483,0.0,422.17398,214.51207,95.35489,412.8842,1.0107481,249.1685,589.3658,0.0,122.41933
4.1666665,13.28889,56.465187,144.3788,959.3434,0.0,122.4185,0.0,289.737,196.01114,53.04471,489.84424,0.87547314,265.3808,430.78745,0.0,129.69165
4.25,13.116828,83.69502,137.81067,533.07135,0.0,115.441666,0.0,216.4699,182.52821,55.391083,864.4125,0.79821444,372.20773,275.80988,0.0,138.11162
4.3333335,13.409306,130.7376,146.28859,402.52783,0.0,109.932,0.0,153.57996,165.11685,62.327297,1429.3593,0.0,816.98413,208.838,0.0,147.59598
4.4166665,13.696408,171.33205,149.6791,395.194,0.0,103.6352,0.0,103.709335,140.36713,73.97824,1969.7261,0.0,1006.2262,200.8859,10.967195,157.84604
4.5,13.600836,128.71892,147.59883,375.0184,0.0,101.102234,0.0,67.79514,219.16231,90.24489,1923.6813,0.0,857.9852,327.69592,1.3356482,169.62291
4.5833335,12.877146,74.85734,129.14209,886.7999,0.0,98.98266,0.0,33.893982,212.6553,96.6264,1388.0975,0.0,490.4486,617.576,1.3547921,179.9813
4.6666665,11.86739,56.373016,230.16156,1521.406,0.0,96.851036,0.0,78.90507,203.7177,84.514084,1069.4498,0.0,374.84143,764.8976,1.2820609,189.638
4.75,11.001507,51.2407,531.0039,2729.5837,0.0,93.81199,0.0,358.03726,286.0289,88.92415,830.6085,0.0,412.79865,609.6489,1.159288,199.16087
4.8333335,10.064146,50.01876,971.2182,3576.8362,0.0,91.50113,0.0,759.6475,364.07202,110.70542,645.22296,0.17721602,450.79294,654.8427,33.908283,209.1478
4.9166665,9.512082,56.58654,807.81036,3875.4917,0.0,89.435,0.0,859.279,352.43582,137.32715,1056.9751,0.018011212,640.94763,771.0229,75.12789,219.57314
5.0,9.698596,59.724094,524.0106,3418.5752,0.0,87.34496,0.0,901.26953,319.90863,141.76186,1601.8835,0.015286879,575.2467,544.2539,90.08619,229.55717
5.0833335,12.131854,75.88185,347.03986,2297.6392,0.0,112.41585,0.0,644.2635,302.6213,122.575226,1814.3628,0.013670303,348.4895,477.7984,0.0,356.04218
5.1666665,12.23228,82.518616,175.36024,996.0899,0.0,107.447556,0.0,411.05157,256.3113,81.0534,1099.8767,0.009995238,247.52553,311.44928,0.0,370.80768
5.25,12.249514,116.29031,151.56622,752.1067,0.0,102.89918,0.0,283.52274,217.51994,91.69088,1432.4766,0.007843727,311.60724,190.25291,0.0,386.82535
5.3333335,12.327444,172.86098,140.80603,553.9018,0.0,98.44067,0.0,201.56415,185.77501,107.166855,2037.9213,0.0,653.56964,141.06651,0.0,404.30725
5.4166665,12.389545,202.39172,134.34746,506.89896,0.0,94.4784,0.0,138.0114,157.8936,130.99489,2541.5393,0.0,1111.4814,182.80084,12.0272455,425.98862
5.5,12.029812,143.49345,128.68433,429.42392,0.0,90.64217,0.0,69.886696,273.32877,159.4473,2456.1343,0.0,1019.6081,408.78717,1.431558,447.85867
5.5833335,11.304091,83.96337,118.37164,715.45447,0.0,86.93273,0.0,36.12409,231.27321,154.19484,2021.7079,0.0,653.2484,580.4133,1.3695256,466.0168
5.6666665,10.577902,58.396347,347.0725,1625.9296,0.0,83.36269,0.0,111.20591,222.6799,97.72485,1350.5183,0.0,572.70447,652.6857,1.2082903,483.19824
5.75,9.863868,53.43001,699.62634,2442.699,0.0,79.91603,0.0,518.22235,312.95926,94.16953,974.3693,0.0,602.0196,748.5656,1.0292134,499.60083
5.8333335,9.188945,54.18882,799.105,3434.5486,0.0,76.5859,0.0,1009.9143,351.7695,108.93195,728.279,0.05033551,600.84973,929.8002,32.47585,516.5159
5.9166665,8.4926815,60.43854,953.4353,4083.981,0.0,72.92089,0.0,946.95764,335.4087,133.54007,1421.4119,0.005271333,833.865,911.7445,64.149475,534.263
6.0,8.819888,68.59932,746.87213,3051.2788,0.0,68.88765,0.0,1127.094,302.55737,148.39444,1803.0952,0.0055735814,789.76654,638.70764,76.938705,550.65155
6.0833335,8.227756,56.545006,286.9876,1735.0177,0.0,55.642178,0.0,560.6556,239.01064,94.52388,573.2703,0.005057363,313.89542,391.91327,0.0,471.56
6.1666665,8.191051,61.282326,169.05666,981.87286,0.0,53.53583,0.0,330.28946,210.43079,70.70419,364.76285,0.0040192087,273.07718,132.2641,0.0,480.57962
6.25,8.272241,91.56568,138.60532,654.477,0.0,51.070663,0.0,230.62277,183.8908,80.87163,536.46295,0.0029714808,334.58307,76.79167,0.0,486.07434
6.3333335,8.573608,149.75473,130.64374,483.65353,0.0,48.89113,0.0,166.19353,159.2192,96.69932,851.97095,0.0,652.17303,61.97166,0.0,497.66302
6.4166665,8.891178,175.44781,121.483604,360.8666,0.0,46.608562,0.0,113.896996,135.05821,118.01736,1191.2366,0.0,895.86914,107.54325,8.069176,513.3219
6.5,9.002563,124.66646,108.180176,316.18057,0.0,44.941677,0.0,58.777325,267.2175,144.0337,1260.6656,0.0,944.67413,214.36081,0.86439323,533.5245
6.5833335,8.709419,61.464405,88.0135,1082.9938,0.0,43.325573,0.0,29.766294,201.93105,144.48952,926.4073,0.0,590.4324,469.7518,0.75321907,548.0028
6.6666665,8.266567,44.678864,176.22285,1319.7074,0.0,41.757908,0.0,103.502174,193.96268,106.18191,537.4792,0.0,427.4149,631.5098,0.6295148,554.66376
6.75,7.6222863,42.26121,482.13394,1696.6648,0.0,40.233624,0.0,437.38602,299.93954,109.05694,390.4205,0.0,418.8765,437.28058,0.5225515,559.5168
6.8333335,6.846515,40.661972,907.4489,2131.0017,0.0,38.763428,0.0,840.6802,356.12106,115.35419,297.3419,0.0,486.13202,312.1623,24.3417,569.9862
6.9166665,6.1984286,38.341362,821.3716,2880.877,0.0,37.32848,0.0,1208.0575,341.28598,123.08841,655.76337,0.0,591.67316,200.22198,56.720924,581.803
7.0,6.0009933,45.088768,512.1255,2662.02,0.0,35.92555,0.0,1067.2582,291.57385,128.19228,782.20984,0.0,716.27527,181.1064,68.07368,594.0494
7.0833335,5.168418,41.499264,201.72615,1511.2924,0.0,31.552328,0.0,495.94058,180.54099,84.52488,327.9094,0.0,298.55225,125.76706,0.0,565.59937
7.1666665,5.2345734,41.982403,92.03883,812.1379,0.0,30.134245,0.0,314.6335,150.93796,55.24678,327.45752,0.0,249.45941,71.13379,0.0,550.3781
7.25,5.1278615,63.011036,74.50834,633.23047,0.0,28.97067,0.0,225.70644,134.82274,55.879925,697.21344,0.0,340.41086,62.003986,0.0,538.3138
7.3333335,5.2756886,103.17923,67.50427,613.94604,0.0,27.918571,0.0,149.80174,123.71034,67.27198,1352.3376,0.0,740.371,60.965115,0.0,539.9689
7.4166665,5.4947987,124.8894,65.36101,549.90515,0.0,26.931139,0.0,97.89407,111.21032,80.49505,1948.9822,0.0,1228.4696,444.50653,6.4408364,550.595
7.5,5.689486,98.07194,61.217495,573.8288,0.0,25.969345,0.0,62.3405,144.05576,97.847084,2170.757,0.0,1095.2021,1260.3292,0.7251921,572.7709
7.5833335,5.7496405,60.507195,51.882595,980.5533,0.0,25.041212,0.0,32.978436,166.60927,111.603096,1587.1378,0.0,666.10754,1329.7461,0.5999894,587.21454
7.6666665,5.665452,43.26074,204.68474,1404.601,0.0,24.142324,0.0,73.81876,173.56006,111.24651,979.56976,0.0,434.95624,1228.8499,0.4784029,595.3648
7.75,5.483943,41.61283,331.6479,1756.2211,0.0,23.272514,0.0,311.54684,217.19661,115.61588,724.7424,0.0,457.2084,702.13214,0.37721774,599.08057
7.8333335,5.2590437,42.36302,495.66953,1975.6635,0.0,22.429491,0.0,708.40424,260.6336,122.67614,572.1094,0.0,499.52863,325.7363,24.704203,601.9518
7.9166665,4.9842854,45.861996,523.44214,2756.1018,0.0,21.609833,0.0,816.1231,265.19513,132.80109,697.94244,0.0,692.99884,263.37564,44.17212,603.5979
8.0,4.9013896,45.99555,442.0285,3126.2273,0.0,20.761936,0.0,789.9826,234.01413,102.7049,713.4731,0.0,589.7518,248.79338,47.076534,605.0428
8.083333,4.586533,31.686453,182.31511,1627.5398,0.0,15.145541,0.0,406.5087,180.40508,39.130672,470.21002,0.0,236.68437,185.4007,0.0,405.3704
8.166667,4.5219154,31.315561,91.762665,795.44543,0.0,14.66693,0.0,238.06468,154.6119,25.357605,541.65283,0.0,255.2617,142.66364,0.0,394.09082
8.25,4.3773913,43.797318,56.955284,528.9761,0.0,14.264146,0.0,160.44164,136.72499,29.343699,952.71423,0.0,360.8733,95.300255,0.0,377.18982
8.333333,4.477347,71.24683,50.915993,462.49716,0.0,13.89435,0.0,102.38721,124.57233,36.89243,1593.2025,0.0,765.083,24.339529,0.0,376.87518
8.416667,4.647833,87.7665,45.20694,383.80008,0.0,13.533387,0.0,58.13002,108.23823,49.433773,2208.1687,0.0,902.5101,74.623535,4.7913594,382.7099
8.5,4.7420683,64.571434,41.123814,349.9468,0.0,13.181195,0.0,33.02894,164.40944,60.444916,2369.0369,0.0,753.32074,191.11879,0.55258584,396.5919
8.583333,4.7381506,26.093704,35.632233,781.9061,0.0,12.836121,0.0,16.6268,145.48,46.976986,1870.9413,0.0,488.89517,1011.25464,0.5316132,408.2008
8.666667,4.6380806,19.157543,216.33646,1210.883,0.0,12.499709,0.0,69.09132,157.62056,41.514584,1054.9148,0.0,417.10883,1177.2988,0.42693958,412.27798
8.75,4.300864,18.88906,379.59244,1270.1947,0.0,12.171217,0.0,258.5398,247.91553,41.65291,831.3071,0.0,428.61972,974.50946,0.3387014,414.74765
8.833333,4.013434,18.308285,476.9157,1287.1011,0.0,11.847631,0.0,604.7075,305.2985,45.236332,680.09546,0.0,467.06134,787.1945,22.971115,420.75995
8.916667,3.801497,24.208458,485.74875,1248.3273,0.0,11.532672,0.0,780.40247,279.20154,49.48976,825.1058,0.0,526.2826,779.2869,40.29555,427.74643
9.0,3.7472637,30.123852,316.0066,1420.2228,0.0,11.220546,0.0,801.1998,234.1576,57.441246,1069.9034,0.0,478.68118,506.94016,45.200294,432.30505
9.083333,9.012528,84.42163,758.60254,2651.4854,0.0,38.006535,0.0,863.3564,407.7601,177.71375,1712.5023,0.0,1107.5007,1122.2325,0.0,1930.1377
9.166667,8.115387,84.17946,399.6724,1120.5974,0.0,33.524,0.0,457.30298,320.24313,117.13825,756.2291,0.0,1010.4093,571.3702,0.0,1791.0271
9.25,7.4267974,141.98605,258.57034,680.0853,0.0,29.59464,0.0,265.16867,256.30365,124.638916,924.9424,0.0,1369.7533,463.4656,0.0,1660.1843
9.333333,6.918338,253.27628,220.3383,488.34888,0.0,26.095476,0.0,150.94008,210.94307,145.99033,1389.976,0.0,2552.6235,399.69962,0.0,1620.3182
9.416667,6.515351,342.3687,183.85062,330.78198,0.0,23.016956,0.0,94.08805,174.98666,171.297,1823.1099,0.0,3580.1187,480.52316,12.573103,1582.196
9.5,6.090349,266.49948,143.88792,218.83351,0.0,20.276012,0.0,62.816936,331.4262,193.23346,1818.7009,0.0,2893.1477,698.4462,1.354399,1555.1553
9.583333,5.638019,93.29242,125.88805,1470.7625,0.0,17.84974,0.0,32.625084,312.2287,196.06865,1483.5071,0.0,1478.6094,1168.2162,1.2317544,1533.7056
9.666667,5.1321487,63.387047,634.36774,3447.7485,0.0,15.720109,0.0,148.42085,297.25812,174.00562,782.8349,0.0,1228.4174,1368.6075,1.0598453,1488.2393
9.75,4.5993032,59.437424,1806.5936,4175.441,0.0,13.835013,0.0,515.4898,464.30164,176.4122,433.978,0.0,1214.9026,990.98016,0.94637597,1445.324
9.833333,4.1378617,55.5299,2886.374,4113.384,0.0,12.164875,0.0,1021.8505,529.94324,181.29414,256.1708,0.0,1177.1627,1215.3145,70.88676,1420.0835
9.916667,3.713934,70.14201,3425.7927,2835.0383,0.0,10.679707,0.0,1238.5254,478.16132,204.91231,818.6375,0.0,1644.3358,1235.2266,129.09023,1396.0918
10.0,3.5798185,78.4558,2057.231,2962.235,0.0,9.361371,0.0,1095.3938,359.67007,207.953,1485.2954,0.0,1558.8541,920.6262,127.00133,1368.8761
10.083333,1.6582731,26.31127,201.91333,870.503,0.0,2.2811818,0.0,549.536,162.2014,30.602283,309.3945,0.0,137.29951,189.20552,0.0,281.31818
10.166667,1.8629087,34.735172,103.16146,566.3494,0.0,2.2140057,0.0,334.80087,147.3745,24.183674,248.89064,0.0,151.75078,170.60486,0.0,285.2567
10.25,2.0767248,63.14819,89.86853,356.9101,0.0,2.1489682,0.0,226.32556,135.11845,35.625977,516.4646,0.0,232.77528,137.7526,0.0,289.71832
10.333333,2.2950451,114.45337,89.08276,265.68384,0.0,2.0853975,0.0,157.92479,124.53364,53.05321,1002.51416,0.0,565.4876,104.673065,0.0,301.89108
10.416667,2.536354,131.36722,85.0037,220.48253,0.0,2.0240982,0.0,105.03335,112.80356,69.02682,1497.7096,0.0,727.2666,169.46887,5.3025265,314.20975
10.5,2.728838,108.4541,80.938736,208.54382,0.0,1.9612806,0.0,64.35058,218.73065,75.208984,1571.3297,0.0,591.13794,416.63257,0.65297484,328.6243
10.583333,2.8428795,60.167744,76.70715,659.92316,0.0,1.8996649,0.0,33.38925,170.84023,70.07665,1399.195,0.0,341.29886,762.13477,0.58754724,341.72906
10.666667,2.8907437,44.132664,325.9538,987.9607,0.0,1.830742,0.0,58.46262,172.46707,55.046417,1092.2722,0.0,314.35983,560.66736,0.52389085,342.71887
10.75,2.8293135,45.754166,446.24414,1107.6111,0.0,1.776953,0.0,236.4306,245.33545,55.25958,782.842,0.0,303.2644,514.70447,0.4561375,342.50677
10.833333,2.7363575,45.56294,524.6674,1374.798,0.0,1.7207553,0.0,635.1803,282.29187,60.058624,636.1698,0.0,326.95898,551.2333,17.285847,351.59665
10.916667,2.6163726,43.756916,529.06714,1950.2277,0.0,1.653322,0.0,756.71924,252.75443,66.075836,649.67487,0.0,434.7223,585.2471,46.084633,361.23157
11.0,2.5700223,38.88074,462.1077,2315.3606,0.0,1.5974836,0.0,718.8403,228.47485,60.46077,894.6445,0.0,330.1818,446.28406,53.8653,368.83133
11.083333,2.5373569,35.983795,161.18474,1720.5233,0.0,1.5614825,0.0,398.74527,196.1246,48.051064,647.4616,0.0,237.82593,386.35306,0.0,393.2531
11.166667,2.5232086,35.31524,90.01245,907.33307,0.0,1.511834,0.0,235.33562,172.84102,38.264725,508.3251,0.0,192.53146,174.00993,0.0,381.19672
11.25,2.4344335,45.93748,61.446808,535.1147,0.0,1.4616636,0.0,157.42609,156.07327,40.097626,689.65344,0.0,263.66464,57.182884,0.0,377.0426
11.333333,2.5161939,70.08315,49.419136,501.7621,0.0,1.411323,0.0,116.58537,141.37378,45.795418,1004.4338,0.0,558.8302,43.4231,0.0,384.74628
11.416667,2.6223,95.72034,46.4818,483.97424,0.0,1.362504,0.0,83.7411,126.737686,56.201004,1315.203,0.0,859.29034,141.2935,5.7067075,398.66714
11.5,2.7242708,85.86847,46.597713,473.0636,0.0,1.3174393,0.0,56.924103,218.03535,72.16696,1573.0096,0.0,840.0863,382.25397,0.6261842,412.7454
11.583333,2.7928166,51.094536,45.171764,853.58075,0.0,1.2693266,0.0,23.020624,197.80905,82.4878,1345.1567,0.0,488.46396,348.3813,0.5797907,417.88107
11.666667,2.7916448,32.251022,144.72665,1084.6105,0.0,1.222001,0.0,31.474743,176.87218,67.71389,1003.4504,0.0,322.078,391.1405,0.4851382,417.8776
11.75,2.719607,28.70993,347.0148,1055.3212,0.0,1.182863,0.0,265.1204,253.19661,60.60203,801.8225,0.0,350.90775,635.2015,0.41218248,415.75143
11.833333,2.619416,27.468351,667.4543,1400.6152,0.0,1.1441612,0.0,928.90735,310.2045,65.15729,670.0877,0.0,397.18643,467.22693,19.726881,423.735
11.916667,2.519897,30.478191,633.9149,1556.0786,0.0,1.0985998,0.0,1042.4535,294.20908,73.97707,1283.1097,0.0,556.4779,422.13223,44.07513,431.1953
12.0,2.5350919,35.363976,448.82382,1970.2501,0.0,1.0523585,0.0,872.8676,256.45245,73.512886,1424.6562,0.0,490.12967,372.74182,53.448338,439.61224
12.083333,2.5760531,39.331493,275.7976,1417.0778,0.0,0.9801955,0.0,466.25397,210.8491,50.62131,870.47784,0.0,220.50786,325.12518,0.0,420.42963
12.166667,2.4713156,45.235268,112.57495,935.38513,0.0,0.94315505,0.0,267.3674,183.1773,38.06465,690.4474,0.0,197.7245,230.51709,0.0,412.88318
12.25,2.332007,64.518135,76.434105,608.8029,0.0,0.9116873,0.0,185.46965,159.77657,42.788033,899.01984,0.0,241.17053,96.38269,0.0,402.4013
12.333333,2.3886425,103.11398,62.031708,512.1289,0.0,0.8821666,0.0,130.58731,142.16742,52.1518,1290.6946,0.0,514.68195,50.262745,0.0,407.39117
12.416667,2.4653645,128.93611,62.175007,470.63052,0.0,0.8500888,0.0,88.4216,125.29577,66.365005,1607.4868,0.0,693.7753,134.81744,5.4817605,422.03076
12.5,2.5255227,93.59905,57.207882,458.45248,0.0,0.818192,0.0,54.872643,214.25145,77.663124,1611.5107,0.0,514.783,287.01422,0.5876799,432.24707
12.583333,2.5735712,48.47133,52.492256,1024.0032,0.0,0.79115427,0.0,31.064295,180.79922,69.764984,1344.69,0.0,393.34735,438.44516,0.552269,439.59073
12.666667,2.5530486,32.44308,151.2296,1462.1171,0.0,0.7567728,0.0,60.599163,173.58493,40.34314,959.13696,0.0,359.72852,571.33234,0.4882075,442.84024
12.75,2.4825754,30.025091,324.14438,1469.085,0.0,0.7224121,0.0,293.33148,268.71158,37.465626,783.3983,0.0,400.593,347.02414,0.42851627,441.93378
12.833333,2.3904097,30.012093,560.7339,1430.7046,0.0,0.68558073,0.0,551.4534,331.6818,40.508316,661.1547,0.0,404.14798,352.72687,17.431797,447.20987
12.916667,2.2781138,30.961393,495.81076,1411.8499,0.0,0.65889186,0.0,695.65576,313.71487,42.45158,704.13763,0.0,440.13876,280.5841,33.90376,455.45413
13.0,2.2456498,32.14021,383.83267,1549.8612,0.0,0.63306785,0.0,669.77545,263.4229,41.20916,700.1474,0.0,431.8656,196.6099,41.74741,457.34082
13.083333,2.2548275,32.963234,156.14629,1242.3921,0.0,0.62932706,0.0,367.04327,204.05933,33.70719,463.13437,0.0,214.69566,188.50093,0.0,476.76373
13.166667,2.2558146,30.958775,81.31853,686.4102,0.0,0.6051652,0.0,206.7684,167.93146,21.46535,341.0272,0.0,173.20316,159.30626,0.0,461.153
13.25,2.3121028,41.00232,73.685326,356.1328,0.0,0.58064455,0.0,136.42262,140.77116,22.643398,480.3586,0.0,236.75243,110.741936,0.0,433.58304
13.333333,2.4319737,59.869484,75.929054,284.32172,0.0,0.56129944,0.0,99.30666,124.12073,29.262556,799.40247,0.0,495.4334,46.809315,0.0,423.40436
13.416667,2.5635726,71.53399,79.10577,270.6117,0.0,0.53871983,0.0,70.645386,111.78839,42.487427,1027.2141,0.0,712.6858,162.28624,5.5180635,428.2335
13.5,2.6498435,49.52797,67.13606,249.90001,0.0,0.5169244,0.0,48.819637,149.313,60.925316,985.13763,0.0,596.09283,449.85532,0.5974483,441.55026
13.583333,2.7457964,33.385365,49.146454,551.011,0.0,0.49243343,0.0,29.40043,150.30853,58.77199,753.05804,0.0,364.0351,735.29803,0.5359451,453.65555
13.666667,2.787901,25.632215,146.11263,634.03467,0.0,0.47016537,0.0,61.64504,150.26614,38.52972,555.63245,0.0,318.035,682.4578,0.44323793,452.28546
13.75,2.7914016,25.496973,312.05106,855.1547,0.0,0.44970444,0.0,368.98642,216.47804,34.929146,451.66357,0.0,344.53717,814.5079,0.35526684,453.2923
13.833333,2.7387288,25.840635,451.11588,1156.6093,0.0,0.4283955,0.0,703.73126,264.2615,39.05748,376.9617,0.0,349.94098,816.62445,23.401299,458.82727
13.916667,2.6672566,29.696167,497.07468,1585.6276,0.0,0.41138008,0.0,808.0637,261.0232,41.906822,550.2674,0.0,387.56284,592.9496,41.306633,469.8457
14.0,2.7797103,31.411688,428.25772,1396.3027,0.0,0.39112285,0.0,762.485,244.14902,41.00775,499.26456,0.0,413.278,489.6054,44.03185,478.01
14.083333,2.6172297,25.877998,177.52707,822.3849,0.0,0.3009291,0.0,475.82263,189.83151,21.233213,392.48508,0.0,171.51816,314.84387,0.0,371.95288
14.166667,2.7717679,30.609974,63.74765,452.72705,0.0,0.289993,0.0,284.36057,163.23973,18.553965,367.46967,0.0,154.50706,191.74768,0.0,360.62863
14.25,2.954882,44.76454,43.890427,309.08197,0.0,0.28172752,0.0,185.80795,140.60143,24.769497,366.39423,0.0,207.36403,23.646095,0.0,342.7111
14.333333,3.1805148,70.3707,39.34952,324.47876,0.0,0.27091953,0.0,141.53857,123.88288,36.602264,542.33344,0.0,387.0196,16.476704,0.0,341.6729
14.416667,3.4281151,86.62052,39.915028,299.76096,0.0,0.2593744,0.0,107.312485,107.68469,53.832455,791.26715,0.0,565.1148,80.85802,4.1338053,350.96426
14.5,3.6251967,66.440285,40.325768,256.85803,0.0,0.24932002,0.0,61.776535,147.2792,61.787655,938.6398,0.0,439.4558,122.87414,0.44049737,364.8023
14.583333,3.78845,38.608055,33.298973,700.1992,0.0,0.2388205,0.0,29.055082,149.55371,53.352455,736.51434,0.0,207.31671,201.04092,0.415552,375.9219
14.666667,3.8591795,29.590555,131.20026,906.8718,0.0,0.23026195,0.0,66.07882,141.28459,50.940666,564.3367,0.0,170.1857,382.46945,0.35508147,381.48276
14.75,3.7856061,29.61562,281.13925,959.37616,0.0,0.22202985,0.0,288.63278,215.19507,57.564156,481.2992,0.0,202.35094,432.5024,0.30673063,379.1328
14.833333,3.649016,29.705908,454.93317,1184.1384,0.0,0.2152759,0.0,466.7594,256.7748,63.02312,410.32834,0.0,248.72855,476.67215,15.940496,382.54465
14.916667,3.42701,33.82532,485.59805,1270.1825,0.0,0.20753737,0.0,683.583,250.73338,66.18582,579.7812,0.0,394.34793,351.17188,31.780813,387.05008
15.0,3.2647305,33.86436,347.9017,1177.5806,0.0,0.19438529,0.0,684.82794,223.72998,68.52276,617.2188,0.0,398.2034,226.54385,39.00938,386.5279
15.083333,3.8172836,39.57071,173.12929,975.03455,0.0,0.24578074,0.0,423.75323,225.47664,83.77543,647.9643,0.0,331.9284,167.76425,0.0,549.6661
15.166667,3.7816973,37.978657,101.09607,511.20242,0.0,0.2272854,0.0,251.65273,188.51575,50.58659,498.14368,0.0,248.63898,117.90656,0.0,522.5045
15.25,3.8160088,49.595203,80.66103,335.34036,0.0,0.21548647,0.0,185.85098,164.96404,52.14247,762.4301,0.0,323.76016,75.41983,0.0,508.8763
15.333333,3.8902912,74.41217,80.42645,276.5555,0.0,0.19813032,0.0,143.79414,146.92091,58.282104,1145.037,0.0,883.8832,70.98042,0.0,517.94806
15.416667,4.0428996,97.1358,83.64524,267.79306,0.0,0.18561356,0.0,107.17897,132.25244,71.05212,1394.3906,0.0,1373.9236,307.5557,5.6835318,531.7228
15.5,4.1872673,83.84207,77.421165,258.4931,0.0,0.17497604,0.0,66.63454,182.89935,90.97146,1588.0706,0.0,1097.2877,607.7615,0.65819854,530.1351
15.583333,4.251073,50.050858,65.78048,517.072,0.0,0.16627951,0.0,36.19336,167.56297,100.66425,1475.3291,0.0,631.0412,683.62396,0.6516432,528.3271
15.666667,4.1721373,34.070793,209.36166,620.15393,0.0,0.1559911,0.0,61.274895,160.13583,78.938,1122.4143,0.0,537.4284,689.6611,0.57343996,516.09186
15.75,4.1808734,32.422367,445.6631,858.2871,0.0,0.14899464,0.0,216.67645,232.73601,77.45048,911.02655,0.0,563.63556,625.53925,0.50307196,520.497
15.833333,4.133752,32.07185,644.627,1458.0469,0.0,0.14186403,0.0,379.89365,272.92212,81.858215,738.78375,0.0,569.84,543.1635,21.31215,531.5945
15.916667,4.0485616,35.20398,688.40894,1921.8232,0.0,0.12972067,0.0,624.02075,277.79367,92.97052,1118.7732,0.0,609.17804,586.1876,42.44825,543.37665
16.0,4.0248103,37.031265,434.89377,2148.5403,0.0,0.11865045,0.0,676.7902,254.92929,97.085266,1356.9911,0.0,624.43115,285.7006,47.928883,549.9918
16.083334,3.585362,31.586988,132.20949,1089.5817,0.0,0.08515149,0.0,406.15244,186.55026,38.287983,395.8108,0.0,158.33818,150.5366,0.0,388.3292
16.166666,3.6694646,32.352135,53.84695,693.17316,0.0,0.078898236,0.0,260.86002,146.25972,24.372805,323.19055,0.0,140.17163,141.32513,0.0,370.77414
16.25,3.787093,43.626774,45.933205,409.88284,0.0,0.073758446,0.0,196.15231,131.20787,25.633564,432.8285,0.0,190.93202,133.54942,0.0,357.94998
16.333334,3.9358563,67.277596,44.92533,376.45255,0.0,0.068296604,0.0,150.73909,119.02262,27.56985,630.8884,0.0,380.49817,136.92273,0.0,354.85925
16.416666,4.128281,79.30573,45.317696,380.6867,0.0,0.06260008,0.0,108.32581,108.482956,29.49604,845.802,0.0,569.4206,274.43195,4.24913,356.98367
16.5,4.31896,60.17384,41.065548,390.8805,0.0,0.05798006,0.0,67.477066,172.27847,33.465946,901.6755,0.0,427.10004,384.31653,0.45800817,369.46103
16.583334,4.4449034,43.657276,37.460457,717.80035,0.0,0.05325293,0.0,38.130314,149.9946,34.94469,791.5801,0.0,263.19028,681.091,0.39148796,377.02063
16.666666,4.428076,32.651203,115.89781,828.2018,0.0,0.05065242,0.0,48.251305,139.69417,31.748314,543.4343,0.0,229.7223,704.10974,0.3105611,379.96567
16.75,4.443472,31.00166,202.62338,992.77264,0.0,0.048599206,0.0,242.9624,173.21155,30.738314,455.65277,0.0,242.24657,611.6366,0.2461726,379.95203
16.833334,4.415359,31.066822,289.25024,1497.7664,0.0,0.046612486,0.0,477.96408,211.057,31.801044,392.57224,0.0,281.5844,333.19934,16.079176,383.55878
16.916666,4.2939487,32.73359,361.05807,2058.9194,0.0,0.04261679,0.0,630.28534,219.62665,36.38557,545.13684,0.0,377.50928,299.14627,32.1556,389.9172
17.0,4.426682,36.184696,266.1104,1909.4124,0.0,0.039214086,0.0,523.42664,196.34352,41.499073,631.32794,0.0,308.31863,294.896,34.360493,395.9702
17.083334,11.307617,102.59374,520.4609,3908.7036,0.0,0.11583571,0.0,447.0442,379.83075,164.08539,1225.2549,0.0,653.0702,875.57574,0.0,1728.6067
17.166666,10.623443,93.594734,257.41052,1620.1971,0.0,0.09099903,0.0,256.60922,311.82684,94.58929,1072.3854,0.0,532.5494,259.16544,0.0,1574.4823
17.25,9.924534,124.650925,176.74362,670.73065,0.0,0.06911057,0.0,172.15059,265.53168,95.8226,1445.252,0.0,655.7892,125.52766,0.0,1455.6146
17.333334,9.550605,204.73596,170.32129,528.3357,0.0,0.0594323,0.0,115.19171,232.1447,112.25523,1934.8025,0.0,1899.3198,93.33336,0.0,1400.0806
17.416666,9.391652,269.34354,166.62466,579.65674,0.0,0.040822607,0.0,77.73764,204.76407,141.97238,1933.9603,0.0,2634.5708,310.97192,9.472717,1384.486
17.5,9.185975,190.0898,142.01259,351.12756,0.0,0.03175664,0.0,47.27825,274.55136,171.93779,1986.167,0.0,2345.2583,401.99915,0.985352,1366.1062
17.583334,8.913605,97.19439,99.08031,665.187,0.0,0.028483117,0.0,26.35572,239.21802,174.71077,1768.4188,0.0,1429.7579,809.4181,0.8524066,1350.4215
17.666666,8.505221,68.64676,715.0835,1288.3787,0.0,0.025546575,0.0,51.499725,270.29373,146.44319,1285.864,0.0,1084.556,947.20074,0.6514538,1305.9662
17.75,8.006604,62.623466,1325.9945,2164.146,0.0,0.013269245,0.0,231.82962,382.70926,144.45311,827.81683,0.0,952.32007,670.803,0.5100315,1256.3079
17.833334,7.527768,56.9295,1833.0222,3191.1526,0.0,0.008875204,0.0,393.25055,429.00302,153.03485,534.5549,0.0,903.3684,787.3612,40.879322,1233.872
17.916666,7.0977697,63.834465,1806.1366,3645.4617,0.0,0.007959406,0.0,689.98505,395.86777,178.94107,769.61615,0.0,1374.5276,714.3389,81.50201,1213.92
18.0,7.0939684,78.45316,1395.7854,4247.3647,0.0,0.007137838,0.0,773.0552,347.19946,172.38884,992.4049,0.0,1496.163,577.64856,91.457855,1197.1237
18.083334,2.6264153,21.160093,105.10182,976.1018,0.0,7.426385E-4,0.0,234.94153,120.73999,27.97667,214.14432,0.0,168.87068,107.89839,0.0,208.78761
18.166666,2.9289546,25.68062,56.61682,653.131,0.0,0.0,0.0,171.06972,110.89203,26.751417,325.86142,0.0,159.87117,63.209988,0.0,204.17586
18.25,3.222615,41.94908,51.70288,321.22623,0.0,0.0,0.0,152.28314,105.91055,34.096134,661.7938,0.0,204.30434,42.08118,0.0,207.48677
18.333334,3.496359,72.95618,53.930397,290.7207,0.0,0.0,0.0,137.12805,101.307304,46.18191,1257.1548,0.0,482.19742,38.41631,0.0,210.66104
18.416666,3.8121746,79.77717,56.740166,304.44757,0.0,0.0,0.0,116.83201,95.16129,59.918026,1698.272,0.0,607.35516,52.883224,3.4007106,217.44609
18.5,4.161911,55.825832,57.634148,290.30347,0.0,0.0,0.0,79.81915,142.27783,75.68621,1710.6495,0.0,533.17926,187.19574,0.40903473,229.78041
18.583334,4.3764787,25.577597,52.832523,450.06042,0.0,0.0,0.0,41.71296,108.63319,73.16295,1456.0889,0.0,351.22763,484.62976,0.38437423,239.61835
18.666666,4.489007,21.134232,145.19318,740.1329,0.0,0.0,0.0,46.48269,113.99703,54.22108,1226.314,0.0,265.74838,550.1974,0.34768593,242.82227
18.75,4.6108007,20.781847,273.0427,968.4121,0.0,0.0,0.0,142.29002,160.78188,52.001884,1082.2294,0.0,308.265,463.06717,0.27972907,250.57353
18.833334,4.633338,20.424543,344.4639,1290.6499,0.0,0.0,0.0,285.07245,199.12642,53.76868,952.3512,0.0,350.69397,522.9368,13.147162,258.07245
18.916666,4.448002,23.79027,438.21417,1318.4691,0.0,0.0,0.0,495.41125,205.21568,56.89089,972.08624,0.0,397.5039,486.66806,30.056665,265.76782
19.0,4.4850497,23.254282,277.45395,1517.5142,0.0,0.0,0.0,436.2271,180.83823,56.726635,1044.4834,0.0,353.18448,362.8684,32.314846,269.69327
19.083334,4.224408,18.400637,109.206436,1099.7734,0.0,0.0,0.0,298.2182,146.776,45.515335,667.17206,0.0,173.82242,171.00098,0.0,208.41896
19.166666,4.1223226,18.753082,52.273438,493.78943,0.0,0.0,0.0,224.60703,134.49994,37.62774,500.4512,0.0,169.82036,88.67758,0.0,202.55626
19.25,3.9646082,25.597803,44.076626,368.54126,0.0,0.0,0.0,176.69102,125.86741,37.836002,608.7507,0.0,237.79918,44.309734,0.0,197.79782
19.333334,3.9669812,39.53002,44.407352,343.14044,0.0,0.0,0.0,144.84717,116.79466,44.637554,844.032,0.0,546.0951,25.280437,0.0,196.09167
19.416666,4.112626,49.13131,46.208614,320.7866,0.0,0.0,0.0,115.34884,103.23983,52.469765,1185.2509,0.0,827.9637,39.277145,3.251765,202.63033
19.5,4.1624365,37.092976,42.65435,325.8031,0.0,0.0,0.0,77.73892,154.36684,56.65504,1414.047,0.0,605.88184,107.98912,0.3157859,212.50192
19.583334,4.280255,18.5857,37.6587,545.91547,0.0,0.0,0.0,46.625683,137.56061,44.70151,1419.2231,0.0,346.73096,218.5663,0.2836331,215.57422
19.666666,4.367185,12.049234,100.4048,740.8386,0.0,0.0,0.0,61.46808,126.98093,34.973965,1175.3302,0.0,331.45737,482.93384,0.24951915,217.61728
19.75,4.45563,11.298714,210.39743,808.36066,0.0,0.0,0.0,146.55557,172.19267,34.02307,923.77625,0.0,330.00723,619.1238,0.2138803,219.23894
19.833334,4.421969,11.296728,424.14484,848.84766,0.0,0.0,0.0,286.04242,205.02853,36.230103,789.19604,0.0,347.63205,719.74225,11.485567,222.3003
19.916666,4.226171,14.457587,334.72894,929.48315,0.0,0.0,0.0,514.0072,202.85893,42.08089,888.2382,0.0,374.4573,398.5785,27.756338,224.39171
20.0,4.229237,18.745138,232.5469,1069.0896,0.0,0.0,0.0,642.885,181.53102,44.13499,970.11383,0.0,355.16245,147.04216,33.75473,227.32672
