"Mean size of fish (centimeter) by Age class (year). Class i designates interval [i,i+1[."
"Time","Age","lesserSpottedDogfish","redMullet","pouting","whiting","poorCod","cod","dragonet","sole","plaice","horseMackerel","mackerel","herring","sardine","squids","cuttlefish","thornbackRay"
1.0,0.0,10.704192,1.8331023,3.1482468,3.7976754,1.8219231,2.7903721,1.123034,3.2994368,2.0782979,1.3208365,2.0809982,4.664301,1.0853288,2.9105072,1.907014,17.916607
1.0,1.0,23.352318,16.38514,23.164938,18.281404,13.946993,32.353504,14.097763,21.607672,4.769573,17.268158,28.68728,8.945166,14.907697,2.9017687,25.138563,34.655613
1.0,2.0,30.49539,23.203465,28.539442,35.363533,16.766462,46.205166,19.325935,26.57682,35.123665,19.315245,28.174114,19.335178,20.032907,NaN,NaN,44.333115
1.0,3.0,36.9443,28.4156,31.821186,37.53615,NaN,56.382896,22.65468,29.782516,42.923958,22.837528,31.658274,22.431154,22.590319,NaN,NaN,52.670628
1.0,4.0,42.67552,32.582764,NaN,38.93921,NaN,64.612885,24.786839,32.131462,49.19715,25.515375,33.70935,24.54984,23.751514,NaN,NaN,59.91765
1.0,5.0,47.614307,36.10229,NaN,39.518044,NaN,71.399864,26.074474,33.622704,54.25866,27.760153,35.558865,26.054523,24.226603,NaN,NaN,66.446144
1.0,6.0,52.462494,39.047234,NaN,39.870262,NaN,76.959076,NaN,34.705708,57.99211,29.68131,36.83406,27.039297,24.43892,NaN,NaN,71.57818
1.0,7.0,56.440884,41.421616,NaN,40.0481,NaN,81.59488,NaN,35.461872,60.696133,31.339014,37.95472,27.680702,24.52859,NaN,NaN,76.5115
1.0,8.0,59.981506,43.35849,NaN,40.1368,NaN,85.53824,NaN,35.98941,63.280865,32.686493,38.93819,28.161371,24.56725,NaN,NaN,80.59854
1.0,9.0,62.98712,45.02226,NaN,40.185383,NaN,88.66593,NaN,36.379124,64.81953,33.703907,39.602207,28.488403,24.585655,NaN,NaN,84.25695
1.0,10.0,NaN,46.364017,NaN,40.209656,NaN,91.306335,NaN,36.624542,66.26674,34.607815,40.11226,28.69221,24.593163,NaN,NaN,87.42887
1.0,11.0,NaN,NaN,NaN,40.224415,NaN,93.51477,NaN,36.802727,67.36241,35.329887,40.49759,NaN,24.596884,NaN,NaN,90.09079
1.0,12.0,NaN,NaN,NaN,40.231735,NaN,95.30807,NaN,36.935757,68.21501,36.004555,40.829247,NaN,24.598759,NaN,NaN,92.32123
1.0,13.0,NaN,NaN,NaN,40.235466,NaN,96.79673,NaN,37.031178,69.05319,36.54383,41.086166,NaN,24.59933,NaN,NaN,94.45702
1.0,14.0,NaN,NaN,NaN,40.237606,NaN,98.02606,NaN,37.097755,69.561035,36.959843,41.293606,NaN,24.599964,NaN,NaN,96.23287
1.0,15.0,NaN,NaN,NaN,40.23857,NaN,99.03617,NaN,37.14247,NaN,NaN,41.442375,NaN,NaN,NaN,NaN,NaN
1.0,16.0,NaN,NaN,NaN,40.239307,NaN,99.88224,NaN,37.173286,NaN,NaN,41.55671,NaN,NaN,NaN,NaN,NaN
1.0,17.0,NaN,NaN,NaN,40.23959,NaN,100.57456,NaN,37.196594,NaN,NaN,NaN,NaN,NaN,NaN,NaN,NaN
1.0,18.0,NaN,NaN,NaN,40.24019,NaN,101.14689,NaN,37.21298,NaN,NaN,NaN,NaN,NaN,NaN,NaN,NaN
1.0,19.0,NaN,NaN,NaN,40.2401,NaN,101.62879,NaN,37.223495,NaN,NaN,NaN,NaN,NaN,NaN,NaN,NaN
1.0,20.0,NaN,NaN,NaN,NaN,NaN,102.020744,NaN,NaN,NaN,NaN,NaN,NaN,NaN,NaN,NaN,NaN
1.0,21.0,NaN,NaN,NaN,NaN,NaN,102.34468,NaN,NaN,NaN,NaN,NaN,NaN,NaN,NaN,NaN,NaN
1.0,22.0,NaN,NaN,NaN,NaN,NaN,102.61365,NaN,NaN,NaN,NaN,NaN,NaN,NaN,NaN,NaN,NaN
1.0,23.0,NaN,NaN,NaN,NaN,NaN,102.835335,NaN,NaN,NaN,NaN,NaN,NaN,NaN,NaN,NaN,NaN
1.0,24.0,NaN,NaN,NaN,NaN,NaN,103.02052,NaN,NaN,NaN,NaN,NaN,NaN,NaN,NaN,NaN,NaN
1.0,25.0,NaN,NaN,NaN,NaN,NaN,NaN,NaN,NaN,NaN,NaN,NaN,NaN,NaN,NaN,NaN,NaN
2.0,0.0,10.682325,2.099047,2.934203,1.7313337,2.4756277,5.446554,1.4732274,3.5861359,3.0688543,0.8742201,2.194513,3.879821,1.1095321,3.0315945,2.7333167,21.23411
2.0,1.0,21.12776,3.494589,7.8212714,13.281365,9.842953,20.76322,4.190743,4.8006716,5.181591,2.960658,12.377057,10.38223,13.476276,2.956566,7.0280604,39.048943
2.0,2.0,33.838924,20.356697,29.406286,26.156092,16.918972,57.890507,16.654371,22.35364,27.723541,20.78886,34.58534,11.314711,18.033863,NaN,NaN,53.6256
2.0,3.0,39.282257,25.329563,32.322186,41.023575,NaN,68.30266,20.308989,27.197958,38.139923,22.505583,32.24777,21.53877,21.165718,NaN,NaN,60.49056
2.0,4.0,44.62605,29.055851,NaN,40.626648,NaN,74.76917,23.111874,30.151794,46.572464,25.196146,34.854256,24.105543,22.899553,NaN,NaN,67.20729
2.0,5.0,49.210247,33.285385,NaN,40.63963,NaN,79.693695,25.04,32.402546,52.284668,27.744205,36.385876,25.827063,23.809542,NaN,NaN,72.63027
2.0,6.0,53.747654,36.86262,NaN,40.387257,NaN,83.94935,NaN,33.783012,57.182297,29.597368,37.556942,26.967127,24.383327,NaN,NaN,77.670166
2.0,7.0,57.875656,39.706703,NaN,40.347473,NaN,87.31096,NaN,34.85823,60.53617,31.096096,38.36223,27.641737,24.48278,NaN,NaN,81.18706
2.0,8.0,61.393173,41.87087,NaN,40.29971,NaN,90.11003,NaN,35.559334,62.816013,32.6692,39.349995,28.06953,24.555035,NaN,NaN,85.07594
2.0,9.0,64.53171,43.80242,NaN,40.273743,NaN,92.61323,NaN,36.082905,65.05983,33.758324,40.043076,28.43162,24.576973,NaN,NaN,88.07221
2.0,10.0,NaN,45.419025,NaN,40.259853,NaN,94.52105,NaN,36.4461,66.271736,34.566303,40.430183,28.679844,24.590336,NaN,NaN,90.72419
2.0,11.0,NaN,NaN,NaN,40.24786,NaN,96.15523,NaN,36.654106,67.50384,35.339798,40.76498,NaN,24.594429,NaN,NaN,93.070946
2.0,12.0,NaN,NaN,NaN,40.245274,NaN,97.5242,NaN,36.82483,68.31441,35.98164,41.02416,NaN,24.598194,NaN,NaN,94.80968
2.0,13.0,NaN,NaN,NaN,40.242752,NaN,98.62039,NaN,36.952858,69.14414,36.5244,41.25987,NaN,24.599155,NaN,NaN,96.51334
2.0,14.0,NaN,NaN,NaN,40.241383,NaN,99.53499,NaN,37.042915,69.80522,36.9813,41.43257,NaN,24.599512,NaN,NaN,98.12708
2.0,15.0,NaN,NaN,NaN,40.240803,NaN,100.28993,NaN,37.110165,NaN,NaN,41.563465,NaN,NaN,NaN,NaN,NaN
2.0,16.0,NaN,NaN,NaN,40.240234,NaN,100.90552,NaN,37.15095,NaN,NaN,41.64304,NaN,NaN,NaN,NaN,NaN
2.0,17.0,NaN,NaN,NaN,40.240204,NaN,101.42724,NaN,37.178436,NaN,NaN,NaN,NaN,NaN,NaN,NaN,NaN
2.0,18.0,NaN,NaN,NaN,40.240067,NaN,101.85461,NaN,37.20095,NaN,NaN,NaN,NaN,NaN,NaN,NaN,NaN
2.0,19.0,NaN,NaN,NaN,40.240444,NaN,102.206215,NaN,37.21649,NaN,NaN,NaN,NaN,NaN,NaN,NaN,NaN
2.0,20.0,NaN,NaN,NaN,NaN,NaN,102.5022,NaN,NaN,NaN,NaN,NaN,NaN,NaN,NaN,NaN,NaN
2.0,21.0,NaN,NaN,NaN,NaN,NaN,102.74012,NaN,NaN,NaN,NaN,NaN,NaN,NaN,NaN,NaN,NaN
2.0,22.0,NaN,NaN,NaN,NaN,NaN,102.940796,NaN,NaN,NaN,NaN,NaN,NaN,NaN,NaN,NaN,NaN
2.0,23.0,NaN,NaN,NaN,NaN,NaN,103.107635,NaN,NaN,NaN,NaN,NaN,NaN,NaN,NaN,NaN,NaN
2.0,24.0,NaN,NaN,NaN,NaN,NaN,103.243935,NaN,NaN,NaN,NaN,NaN,NaN,NaN,NaN,NaN,NaN
2.0,25.0,NaN,NaN,NaN,NaN,NaN,NaN,NaN,NaN,NaN,NaN,NaN,NaN,NaN,NaN,NaN,NaN
3.0,0.0,10.130258,2.259888,1.9894311,1.813103,2.8390632,3.1695817,2.265387,3.996203,2.8982253,0.84865856,1.7786757,4.387403,1.9881684,3.2392926,4.653185,22.35819
3.0,1.0,22.587547,3.583182,6.200403,7.454844,7.1528025,22.509243,2.5619466,6.3131475,6.4642935,3.3145385,17.536543,10.90589,26.985973,3.5056431,7.8861375,42.45139
3.0,2.0,32.96447,3.750705,10.274922,17.37802,20.713959,32.005074,12.488404,12.206706,18.161493,4.2702484,18.727676,12.439427,17.617462,NaN,NaN,58.08105
3.0,3.0,44.488335,24.263096,34.074203,39.075844,NaN,79.1385,18.09491,23.178432,31.241768,24.913465,38.98696,12.97729,18.0863,NaN,NaN,70.62765
3.0,4.0,48.648903,27.060417,NaN,44.005363,NaN,86.31379,20.704374,28.09977,40.65106,24.96062,35.641563,23.433256,22.19275,NaN,NaN,75.19742
3.0,5.0,52.521904,30.59542,NaN,42.158714,NaN,89.73372,23.52773,30.479305,49.297245,27.974205,37.513668,25.365513,22.738497,NaN,NaN,80.041504
3.0,6.0,56.1148,34.334385,NaN,41.483727,NaN,92.2357,NaN,32.49789,55.52709,29.805548,38.398495,26.712063,24.795982,NaN,NaN,83.98723
3.0,7.0,59.84721,37.532635,NaN,40.851624,NaN,94.31625,NaN,33.998707,60.080414,31.292114,39.26045,27.6507,24.465996,NaN,NaN,87.63364
3.0,8.0,63.16178,40.26364,NaN,40.601112,NaN,95.84961,NaN,34.938393,62.62718,32.608902,39.721638,28.036448,24.474628,NaN,NaN,89.797646
3.0,9.0,66.32729,42.4067,NaN,40.431393,NaN,97.10968,NaN,35.64859,64.8416,33.82917,40.483406,28.424383,24.568188,NaN,NaN,92.56376
3.0,10.0,NaN,44.19898,NaN,40.343475,NaN,98.40539,NaN,36.13438,66.84492,34.836674,40.87505,28.685896,24.576792,NaN,NaN,94.5195
3.0,11.0,NaN,NaN,NaN,40.298756,NaN,99.34332,NaN,36.470833,67.716415,35.44412,41.118946,NaN,24.592318,NaN,NaN,96.39234
3.0,12.0,NaN,NaN,NaN,40.26702,NaN,100.15925,NaN,36.678436,68.840515,36.089348,41.271355,NaN,24.596222,NaN,NaN,97.98032
3.0,13.0,NaN,NaN,NaN,40.256077,NaN,100.83053,NaN,36.84831,69.28181,36.596966,41.437164,NaN,24.598358,NaN,NaN,99.08819
3.0,14.0,NaN,NaN,NaN,40.24846,NaN,101.337814,NaN,36.965427,69.98712,37.0719,41.56725,NaN,NaN,NaN,NaN,100.24477
3.0,15.0,NaN,NaN,NaN,40.24444,NaN,101.79595,NaN,37.05129,NaN,NaN,41.654484,NaN,NaN,NaN,NaN,NaN
3.0,16.0,NaN,NaN,NaN,40.2425,NaN,102.15817,NaN,37.11978,NaN,NaN,41.74743,NaN,NaN,NaN,NaN,NaN
3.0,17.0,NaN,NaN,NaN,40.241035,NaN,102.44411,NaN,37.15606,NaN,NaN,NaN,NaN,NaN,NaN,NaN,NaN
3.0,18.0,NaN,NaN,NaN,40.240692,NaN,102.703575,NaN,37.182575,NaN,NaN,NaN,NaN,NaN,NaN,NaN,NaN
3.0,19.0,NaN,NaN,NaN,40.240314,NaN,102.91092,NaN,37.203682,NaN,NaN,NaN,NaN,NaN,NaN,NaN,NaN
3.0,20.0,NaN,NaN,NaN,NaN,NaN,103.07669,NaN,NaN,NaN,NaN,NaN,NaN,NaN,NaN,NaN,NaN
3.0,21.0,NaN,NaN,NaN,NaN,NaN,103.22242,NaN,NaN,NaN,NaN,NaN,NaN,NaN,NaN,NaN,NaN
3.0,22.0,NaN,NaN,NaN,NaN,NaN,103.332924,NaN,NaN,NaN,NaN,NaN,NaN,NaN,NaN,NaN,NaN
3.0,23.0,NaN,NaN,NaN,NaN,NaN,103.43318,NaN,NaN,NaN,NaN,NaN,NaN,NaN,NaN,NaN,NaN
3.0,24.0,NaN,NaN,NaN,NaN,NaN,103.514725,NaN,NaN,NaN,NaN,NaN,NaN,NaN,NaN,NaN,NaN
3.0,25.0,NaN,NaN,NaN,NaN,NaN,NaN,NaN,NaN,NaN,NaN,NaN,NaN,NaN,NaN,NaN,NaN
4.0,0.0,10.298503,2.188086,2.5402663,1.792001,2.9298406,3.469085,2.4762752,4.377028,4.249579,0.91852564,1.8578529,4.029896,2.3223286,2.9334855,2.245875,21.968271
4.0,1.0,20.588902,3.092451,4.5135827,7.1268163,10.952983,23.753996,2.7908885,6.4678407,7.7718334,14.997572,18.258963,11.611976,2.796629,3.8963423,11.774964,43.834282
4.0,2.0,32.775597,28.26297,10.854224,12.474515,10.800859,31.503992,NaN,14.658666,14.385941,19.004597,17.959255,13.401473,36.36411,NaN,NaN,61.03214
4.0,3.0,43.576385,23.294308,27.1813,21.181921,NaN,41.739746,14.294308,22.437727,21.524612,22.275862,19.682766,14.089937,NaN,NaN,NaN,74.933914
4.0,4.0,54.020477,26.883501,NaN,44.344513,NaN,96.168884,20.203661,25.122503,34.370716,28.151049,42.55658,14.381482,NaN,NaN,NaN,85.43965
4.0,5.0,56.742264,29.780603,NaN,45.576797,NaN,100.37746,21.393513,28.926514,43.875973,27.47332,38.32051,24.69277,22.393167,NaN,NaN,88.10246
4.0,6.0,59.659073,33.00264,NaN,42.99064,NaN,101.854546,NaN,30.922228,51.998558,29.918428,39.5157,26.166473,22.779991,NaN,NaN,91.38093
4.0,7.0,62.45534,36.15732,NaN,41.928192,NaN,102.397705,NaN,32.643875,58.5598,31.592926,39.89734,27.300053,NaN,NaN,NaN,93.88543
4.0,8.0,65.34478,38.77946,NaN,41.101242,NaN,102.74854,NaN,34.357285,62.974804,32.62846,40.563236,28.04796,24.481724,NaN,NaN,96.19483
4.0,9.0,68.01791,41.288322,NaN,40.721764,NaN,102.79799,NaN,35.02936,65.036934,33.81696,40.763573,28.2802,24.484348,NaN,NaN,97.24692
4.0,10.0,NaN,43.21192,NaN,40.500908,NaN,102.934364,NaN,35.722195,67.02891,34.778133,41.32759,28.664476,24.576576,NaN,NaN,99.03048
4.0,11.0,NaN,NaN,NaN,40.382576,NaN,103.22946,NaN,36.16055,68.52191,35.677788,41.56324,NaN,24.578573,NaN,NaN,100.12995
4.0,12.0,NaN,NaN,NaN,40.318783,NaN,103.33291,NaN,36.515064,69.07886,36.203796,41.62544,NaN,24.59423,NaN,NaN,101.34459
4.0,13.0,NaN,NaN,NaN,40.278164,NaN,103.42773,NaN,36.70331,69.89902,36.72438,41.686672,NaN,NaN,NaN,NaN,102.258965
4.0,14.0,NaN,NaN,NaN,40.26148,NaN,103.552666,NaN,36.87881,70.18623,37.160065,41.773117,NaN,NaN,NaN,NaN,102.852104
4.0,15.0,NaN,NaN,NaN,40.25102,NaN,103.561905,NaN,36.983246,NaN,NaN,41.82817,NaN,NaN,NaN,NaN,NaN
4.0,16.0,NaN,NaN,NaN,40.24602,NaN,103.65827,NaN,37.059967,NaN,NaN,41.861214,NaN,NaN,NaN,NaN,NaN
4.0,17.0,NaN,NaN,NaN,40.243332,NaN,103.69181,NaN,37.133522,NaN,NaN,NaN,NaN,NaN,NaN,NaN,NaN
4.0,18.0,NaN,NaN,NaN,40.241558,NaN,103.717735,NaN,37.163097,NaN,NaN,NaN,NaN,NaN,NaN,NaN,NaN
4.0,19.0,NaN,NaN,NaN,40.240864,NaN,103.7584,NaN,37.187607,NaN,NaN,NaN,NaN,NaN,NaN,NaN,NaN
4.0,20.0,NaN,NaN,NaN,NaN,NaN,103.784004,NaN,NaN,NaN,NaN,NaN,NaN,NaN,NaN,NaN,NaN
4.0,21.0,NaN,NaN,NaN,NaN,NaN,103.79179,NaN,NaN,NaN,NaN,NaN,NaN,NaN,NaN,NaN,NaN
4.0,22.0,NaN,NaN,NaN,NaN,NaN,103.819305,NaN,NaN,NaN,NaN,NaN,NaN,NaN,NaN,NaN,NaN
4.0,23.0,NaN,NaN,NaN,NaN,NaN,103.82377,NaN,NaN,NaN,NaN,NaN,NaN,NaN,NaN,NaN,NaN
4.0,24.0,NaN,NaN,NaN,NaN,NaN,103.83916,NaN,NaN,NaN,NaN,NaN,NaN,NaN,NaN,NaN,NaN
4.0,25.0,NaN,NaN,NaN,NaN,NaN,NaN,NaN,NaN,NaN,NaN,NaN,NaN,NaN,NaN,NaN,NaN
5.0,0.0,10.4484215,2.7111602,2.2425942,1.85341,2.7029452,3.0658185,3.5545864,4.3996134,5.127007,0.94818187,1.533854,3.4254239,2.1401525,3.0212789,2.0523865,20.785883
5.0,1.0,22.098497,4.7626805,5.906909,4.842066,10.442783,18.266905,3.0131423,5.7705045,9.561671,14.786203,30.371181,12.154134,11.37557,3.0575392,21.536907,44.588642
5.0,2.0,36.248947,26.29008,17.362309,12.843992,13.754191,38.082188,16.760532,6.606786,16.395071,31.651375,18.396576,13.943134,30.355799,NaN,NaN,62.998753
5.0,3.0,44.216736,38.04954,32.145485,15.090409,NaN,40.607944,NaN,22.014208,16.85297,23.834015,18.39536,15.912107,NaN,NaN,NaN,78.04075
5.0,4.0,55.481873,29.755732,NaN,26.798773,NaN,50.425632,NaN,24.246006,29.063913,25.4373,27.189997,15.745454,NaN,NaN,NaN,90.201706
5.0,5.0,62.91274,32.17356,NaN,46.267254,NaN,109.94616,18.852127,27.407635,39.326942,31.136467,45.81197,15.965437,NaN,NaN,NaN,98.614105
5.0,6.0,64.654686,32.639755,NaN,46.428864,NaN,111.83003,NaN,29.70912,47.261265,29.79466,40.90509,24.876165,22.70624,NaN,NaN,99.5379
5.0,7.0,66.67165,35.287136,NaN,43.48193,NaN,111.89115,NaN,31.542318,55.533833,32.039333,41.437492,26.61598,22.841537,NaN,NaN,101.3089
5.0,8.0,68.61382,38.126343,NaN,42.225304,NaN,110.8049,NaN,33.078003,62.024857,33.485767,41.274456,27.73576,NaN,NaN,NaN,102.61667
5.0,9.0,70.816475,40.66447,NaN,41.200207,NaN,109.645355,NaN,34.669403,65.81579,34.002033,41.76801,28.37816,24.486084,NaN,NaN,103.673805
5.0,10.0,NaN,42.85585,NaN,40.787777,NaN,108.6214,NaN,35.138504,67.25323,35.009365,41.62962,28.47791,24.488754,NaN,NaN,103.734535
5.0,11.0,NaN,NaN,NaN,40.534695,NaN,107.76297,NaN,35.825005,68.90822,35.769356,42.11434,NaN,24.578617,NaN,NaN,104.71993
5.0,12.0,NaN,NaN,NaN,40.401375,NaN,107.212494,NaN,36.196262,70.01781,36.455093,42.235184,NaN,NaN,NaN,NaN,105.08081
5.0,13.0,NaN,NaN,NaN,40.32888,NaN,106.60847,NaN,36.5506,70.293564,36.886547,42.046093,NaN,NaN,NaN,NaN,105.688255
5.0,14.0,NaN,NaN,NaN,40.285156,NaN,106.14062,NaN,36.737614,70.85169,37.277107,42.049164,NaN,NaN,NaN,NaN,106.01909
5.0,15.0,NaN,NaN,NaN,40.264378,NaN,105.814606,NaN,36.91733,NaN,NaN,42.03999,NaN,NaN,NaN,NaN,NaN
5.0,16.0,NaN,NaN,NaN,40.252808,NaN,105.417564,NaN,37.003162,NaN,NaN,42.0771,NaN,NaN,NaN,NaN,NaN
5.0,17.0,NaN,NaN,NaN,40.247185,NaN,105.18828,NaN,37.07825,NaN,NaN,NaN,NaN,NaN,NaN,NaN,NaN
5.0,18.0,NaN,NaN,NaN,40.243607,NaN,104.960686,NaN,37.14701,NaN,NaN,NaN,NaN,NaN,NaN,NaN,NaN
5.0,19.0,NaN,NaN,NaN,40.241817,NaN,104.77318,NaN,37.17175,NaN,NaN,NaN,NaN,NaN,NaN,NaN,NaN
5.0,20.0,NaN,NaN,NaN,NaN,NaN,104.62758,NaN,NaN,NaN,NaN,NaN,NaN,NaN,NaN,NaN,NaN
5.0,21.0,NaN,NaN,NaN,NaN,NaN,104.50116,NaN,NaN,NaN,NaN,NaN,NaN,NaN,NaN,NaN,NaN
5.0,22.0,NaN,NaN,NaN,NaN,NaN,104.3862,NaN,NaN,NaN,NaN,NaN,NaN,NaN,NaN,NaN,NaN
5.0,23.0,NaN,NaN,NaN,NaN,NaN,104.31145,NaN,NaN,NaN,NaN,NaN,NaN,NaN,NaN,NaN,NaN
5.0,24.0,NaN,NaN,NaN,NaN,NaN,104.23195,NaN,NaN,NaN,NaN,NaN,NaN,NaN,NaN,NaN,NaN
5.0,25.0,NaN,NaN,NaN,NaN,NaN,NaN,NaN,NaN,NaN,NaN,NaN,NaN,NaN,NaN,NaN,NaN
6.0,0.0,10.825201,3.3047423,1.9597024,1.6722841,2.2585692,2.7430234,5.4955955,4.611909,6.0808415,1.2391019,1.4054338,4.0519385,2.0001216,3.2884693,2.2680774,21.33048
6.0,1.0,23.29242,5.2621045,7.295258,8.131378,4.935346,8.3176155,9.639138,7.807916,9.563467,18.470232,27.982645,11.818395,18.298168,3.4039967,10.936958,43.97754
6.0,2.0,36.418163,32.890053,9.6017275,14.091293,17.498371,31.36556,18.427813,6.599169,15.723388,21.00855,33.84937,14.287046,32.743366,NaN,NaN,64.056175
6.0,3.0,47.70604,33.444946,31.509277,14.751437,NaN,44.70404,19.907495,6.598587,20.9303,35.347435,18.869417,17.25091,33.967735,NaN,NaN,80.08593
6.0,4.0,54.528336,NaN,NaN,16.55971,NaN,49.166924,NaN,56.187046,42.37495,26.465256,19.878157,18.270739,NaN,NaN,NaN,93.177246
6.0,5.0,64.7905,35.48132,NaN,28.287071,NaN,56.374454,NaN,26.90096,42.478825,28.014704,37.96859,17.272171,NaN,NaN,NaN,103.74402
6.0,6.0,71.312645,36.989155,NaN,52.46851,NaN,120.172356,NaN,29.525743,43.875553,33.656456,48.71865,17.163492,NaN,NaN,NaN,110.20743
6.0,7.0,72.11077,36.45794,NaN,46.881283,NaN,121.109406,NaN,30.442911,51.0483,31.846937,42.691395,25.457708,NaN,NaN,NaN,109.56729
6.0,8.0,73.185875,38.541313,NaN,43.7903,NaN,120.19056,NaN,32.241177,59.35537,34.10406,43.010445,27.03805,NaN,NaN,NaN,110.062195
6.0,9.0,74.41368,40.359047,NaN,42.36537,NaN,117.67773,NaN,33.489967,65.27895,34.905178,42.478676,27.821863,NaN,NaN,NaN,110.21212
6.0,10.0,NaN,42.512955,NaN,41.319397,NaN,115.4156,NaN,34.855045,68.2972,35.1675,42.795673,28.66591,24.491688,NaN,NaN,110.257034
6.0,11.0,NaN,NaN,NaN,40.811596,NaN,113.447586,NaN,35.31348,69.22442,36.02825,42.31827,NaN,24.493511,NaN,NaN,109.4288
6.0,12.0,NaN,NaN,NaN,40.56285,NaN,111.73098,NaN,35.940445,70.45341,36.536343,42.769096,NaN,NaN,NaN,NaN,109.72418
6.0,13.0,NaN,NaN,NaN,40.411278,NaN,110.5044,NaN,36.266144,71.23561,37.128117,42.768215,NaN,NaN,NaN,NaN,109.42564
6.0,14.0,NaN,NaN,NaN,40.33559,NaN,109.29802,NaN,36.596733,71.281166,37.457264,42.413357,NaN,NaN,NaN,NaN,109.45295
6.0,15.0,NaN,NaN,NaN,40.28988,NaN,108.37714,NaN,36.776207,NaN,NaN,42.34295,NaN,NaN,NaN,NaN,NaN
6.0,16.0,NaN,NaN,NaN,40.26677,NaN,107.67693,NaN,36.959793,NaN,NaN,42.290817,NaN,NaN,NaN,NaN,NaN
6.0,17.0,NaN,NaN,NaN,40.253372,NaN,106.94465,NaN,37.025204,NaN,NaN,NaN,NaN,NaN,NaN,NaN,NaN
6.0,18.0,NaN,NaN,NaN,40.247883,NaN,106.4566,NaN,37.10218,NaN,NaN,NaN,NaN,NaN,NaN,NaN,NaN
6.0,19.0,NaN,NaN,NaN,40.243862,NaN,106.01299,NaN,37.160828,NaN,NaN,NaN,NaN,NaN,NaN,NaN,NaN
6.0,20.0,NaN,NaN,NaN,NaN,NaN,105.63985,NaN,NaN,NaN,NaN,NaN,NaN,NaN,NaN,NaN,NaN
6.0,21.0,NaN,NaN,NaN,NaN,NaN,105.34121,NaN,NaN,NaN,NaN,NaN,NaN,NaN,NaN,NaN,NaN
6.0,22.0,NaN,NaN,NaN,NaN,NaN,105.09284,NaN,NaN,NaN,NaN,NaN,NaN,NaN,NaN,NaN,NaN
6.0,23.0,NaN,NaN,NaN,NaN,NaN,104.87442,NaN,NaN,NaN,NaN,NaN,NaN,NaN,NaN,NaN,NaN
6.0,24.0,NaN,NaN,NaN,NaN,NaN,104.716934,NaN,NaN,NaN,NaN,NaN,NaN,NaN,NaN,NaN,NaN
6.0,25.0,NaN,NaN,NaN,NaN,NaN,NaN,NaN,NaN,NaN,NaN,NaN,NaN,NaN,NaN,NaN,NaN
7.0,0.0,11.239883,3.9554195,2.1024165,1.6588612,2.941561,3.1479115,3.0756383,4.956369,5.2888727,0.9451683,1.4830621,5.157866,3.0606084,3.0326285,2.4051213,21.549223
7.0,1.0,21.730434,6.0148525,4.0938296,7.596335,3.3727207,19.403751,9.939897,7.9252634,15.663773,22.56917,15.668109,11.259776,3.7536075,4.2082734,9.091586,44.08133
7.0,2.0,38.767864,39.183018,19.005102,12.181095,6.9740067,36.451965,10.174325,30.443207,26.088518,23.381859,35.947124,15.592399,34.38156,NaN,NaN,63.748226
7.0,3.0,47.89771,40.165577,29.760078,20.68133,NaN,42.75558,NaN,35.362503,29.620728,25.571392,36.682606,16.686565,34.796864,NaN,NaN,81.1225
7.0,4.0,58.00151,41.251995,NaN,16.964622,NaN,53.98763,NaN,38.652256,70.91293,38.306324,20.089802,19.867207,35.45034,NaN,NaN,95.079025
7.0,5.0,63.380085,NaN,NaN,21.539019,NaN,56.716206,NaN,58.346207,44.067024,28.151773,20.741571,20.318542,NaN,NaN,NaN,106.45055
7.0,6.0,73.50724,40.087612,NaN,29.260523,NaN,62.24197,NaN,34.373455,43.681404,29.137218,39.107624,18.048176,NaN,NaN,NaN,115.607254
7.0,7.0,78.8342,40.547543,NaN,53.071583,NaN,128.68019,NaN,30.128822,48.37372,36.54593,50.66026,17.624037,NaN,NaN,NaN,120.32302
7.0,8.0,78.76994,39.08746,NaN,47.349785,NaN,128.9765,NaN,30.325119,53.793713,34.133335,44.101334,26.174187,NaN,NaN,NaN,118.317986
7.0,9.0,79.13713,40.821323,NaN,43.940094,NaN,127.21914,NaN,33.112854,63.111366,35.89793,44.31433,27.467651,NaN,NaN,NaN,117.655594
7.0,10.0,NaN,42.36459,NaN,42.597507,NaN,123.45694,NaN,33.856934,67.86683,36.063766,43.351303,27.675922,NaN,NaN,NaN,116.79824
7.0,11.0,NaN,NaN,NaN,41.261917,NaN,120.217476,NaN,35.075577,70.22869,36.129627,43.60159,NaN,NaN,NaN,NaN,115.97627
7.0,12.0,NaN,NaN,NaN,40.837532,NaN,117.41383,NaN,35.64911,70.84055,36.831314,42.903538,NaN,NaN,NaN,NaN,114.41449
7.0,13.0,NaN,NaN,NaN,40.590576,NaN,114.98038,NaN,36.04033,71.6962,37.304928,43.274017,NaN,NaN,NaN,NaN,114.07273
7.0,14.0,NaN,NaN,NaN,40.412514,NaN,113.22078,NaN,36.342884,72.20872,37.733166,43.16192,NaN,NaN,NaN,NaN,113.20219
7.0,15.0,NaN,NaN,NaN,40.337547,NaN,111.53515,NaN,36.650833,NaN,NaN,42.70277,NaN,NaN,NaN,NaN,NaN
7.0,16.0,NaN,NaN,NaN,40.292732,NaN,110.22433,NaN,36.789436,NaN,NaN,42.573242,NaN,NaN,NaN,NaN,NaN
7.0,17.0,NaN,NaN,NaN,40.264275,NaN,109.21222,NaN,36.983128,NaN,NaN,NaN,NaN,NaN,NaN,NaN,NaN
7.0,18.0,NaN,NaN,NaN,40.253746,NaN,108.21721,NaN,37.031677,NaN,NaN,NaN,NaN,NaN,NaN,NaN,NaN
7.0,19.0,NaN,NaN,NaN,40.247864,NaN,107.49098,NaN,37.119,NaN,NaN,NaN,NaN,NaN,NaN,NaN,NaN
7.0,20.0,NaN,NaN,NaN,NaN,NaN,106.881195,NaN,NaN,NaN,NaN,NaN,NaN,NaN,NaN,NaN,NaN
7.0,21.0,NaN,NaN,NaN,NaN,NaN,106.355194,NaN,NaN,NaN,NaN,NaN,NaN,NaN,NaN,NaN,NaN
7.0,22.0,NaN,NaN,NaN,NaN,NaN,105.93416,NaN,NaN,NaN,NaN,NaN,NaN,NaN,NaN,NaN,NaN
7.0,23.0,NaN,NaN,NaN,NaN,NaN,105.5853,NaN,NaN,NaN,NaN,NaN,NaN,NaN,NaN,NaN,NaN
7.0,24.0,NaN,NaN,NaN,NaN,NaN,105.280045,NaN,NaN,NaN,NaN,NaN,NaN,NaN,NaN,NaN,NaN
7.0,25.0,NaN,NaN,NaN,NaN,NaN,NaN,NaN,NaN,NaN,NaN,NaN,NaN,NaN,NaN,NaN,NaN
8.0,0.0,12.02309,3.9424539,2.5307095,1.5725924,2.3374197,2.0796566,2.4026294,4.80431,5.9623003,0.97272795,1.3730707,4.607631,2.0163276,3.0813441,2.3027744,22.034212
8.0,1.0,23.348639,7.8232393,5.1937146,12.040416,5.2888417,17.950638,16.774017,9.166441,11.863621,35.27671,17.68222,12.3066225,18.283453,3.8215122,7.847554,44.211514
8.0,2.0,36.46993,28.327002,17.224787,13.632238,18.696781,32.696037,35.747414,38.51865,15.351688,38.018063,20.628918,14.157734,39.926437,NaN,NaN,63.986034
8.0,3.0,50.47683,54.26061,32.394806,15.349262,NaN,47.73029,40.179317,47.102936,55.168728,26.639042,39.41712,17.643787,40.283405,NaN,NaN,81.1593
8.0,4.0,58.352497,43.99385,NaN,23.007044,NaN,51.26328,NaN,46.31021,49.55579,40.195168,41.212315,20.682806,35.87411,NaN,NaN,96.238945
8.0,5.0,67.283936,43.58967,NaN,17.985039,NaN,60.658615,NaN,NaN,79.54055,41.30846,21.394022,20.657234,36.184437,NaN,NaN,108.300575
8.0,6.0,71.39609,NaN,NaN,22.197739,NaN,62.02157,NaN,59.74642,45.494488,29.48704,21.744356,20.924149,NaN,NaN,NaN,118.11422
8.0,7.0,80.849304,43.94635,NaN,36.36101,NaN,68.402245,NaN,58.670532,45.093826,30.959877,40.56212,18.534817,NaN,NaN,NaN,125.96417
8.0,8.0,85.623955,43.55003,NaN,53.5582,NaN,136.16933,NaN,30.217882,51.960884,38.750378,52.284225,18.183039,NaN,NaN,NaN,129.13692
8.0,9.0,84.850586,41.346554,NaN,47.642036,NaN,135.81647,NaN,30.462694,56.901424,35.957478,45.328613,26.503845,NaN,NaN,NaN,125.94497
8.0,10.0,NaN,42.86759,NaN,44.07838,NaN,133.04414,NaN,33.459526,65.90103,37.264732,45.519222,27.588032,NaN,NaN,NaN,124.27001
8.0,11.0,NaN,NaN,NaN,42.64459,NaN,128.27101,NaN,34.666714,69.9807,37.042427,44.178894,NaN,NaN,NaN,NaN,122.549446
8.0,12.0,NaN,NaN,NaN,41.197933,NaN,124.21664,NaN,35.39811,72.04127,36.87985,44.33959,NaN,NaN,NaN,NaN,120.96704
8.0,13.0,NaN,NaN,NaN,40.820522,NaN,120.692566,NaN,35.7529,72.18742,37.595905,43.46132,NaN,NaN,NaN,NaN,118.7648
8.0,14.0,NaN,NaN,NaN,40.597992,NaN,117.680626,NaN,36.089317,72.73395,37.99765,43.623432,NaN,NaN,NaN,NaN,117.85471
8.0,15.0,NaN,NaN,NaN,40.425907,NaN,115.47621,NaN,36.461376,NaN,NaN,43.498074,NaN,NaN,NaN,NaN,NaN
8.0,16.0,NaN,NaN,NaN,40.348946,NaN,113.39778,NaN,36.710712,NaN,NaN,42.939537,NaN,NaN,NaN,NaN,NaN
8.0,17.0,NaN,NaN,NaN,40.300655,NaN,111.75202,NaN,36.854187,NaN,NaN,NaN,NaN,NaN,NaN,NaN,NaN
8.0,18.0,NaN,NaN,NaN,40.26405,NaN,110.48554,NaN,36.995083,NaN,NaN,NaN,NaN,NaN,NaN,NaN,NaN
8.0,19.0,NaN,NaN,NaN,40.25335,NaN,109.26513,NaN,37.04334,NaN,NaN,NaN,NaN,NaN,NaN,NaN,NaN
8.0,20.0,NaN,NaN,NaN,NaN,NaN,108.35583,NaN,NaN,NaN,NaN,NaN,NaN,NaN,NaN,NaN,NaN
8.0,21.0,NaN,NaN,NaN,NaN,NaN,107.5997,NaN,NaN,NaN,NaN,NaN,NaN,NaN,NaN,NaN,NaN
8.0,22.0,NaN,NaN,NaN,NaN,NaN,106.94737,NaN,NaN,NaN,NaN,NaN,NaN,NaN,NaN,NaN,NaN
8.0,23.0,NaN,NaN,NaN,NaN,NaN,106.42576,NaN,NaN,NaN,NaN,NaN,NaN,NaN,NaN,NaN,NaN
8.0,24.0,NaN,NaN,NaN,NaN,NaN,105.992485,NaN,NaN,NaN,NaN,NaN,NaN,NaN,NaN,NaN,NaN
8.0,25.0,NaN,NaN,NaN,NaN,NaN,NaN,NaN,NaN,NaN,NaN,NaN,NaN,NaN,NaN,NaN,NaN
9.0,0.0,12.522593,3.6953773,2.0156994,1.8961984,2.843155,2.6019182,2.9768517,4.635013,4.4055085,0.9619367,1.5595001,4.528324,2.2393618,3.0988822,2.7206833,21.599699
9.0,1.0,26.479185,7.6124964,7.624621,8.567086,3.643666,9.60507,25.95157,12.479632,14.398927,30.858305,30.626522,11.882561,23.251307,3.8381345,9.493181,44.638783
9.0,2.0,40.65495,36.460403,5.53787,15.465806,9.530305,24.802454,27.21335,31.708637,20.02885,41.856564,22.684004,16.02538,37.643177,NaN,NaN,63.81752
9.0,3.0,48.536568,44.783836,19.903868,16.50995,NaN,38.65169,43.58769,46.155857,57.61007,45.654133,24.622473,13.905706,42.35866,NaN,NaN,81.25686
9.0,4.0,60.878914,61.81241,NaN,15.846776,NaN,52.6483,44.894356,50.869343,68.26935,45.98538,42.138756,19.749365,41.902534,NaN,NaN,96.391846
9.0,5.0,67.89137,44.59863,NaN,24.090075,NaN,56.36578,NaN,48.51247,69.16656,43.040424,43.39164,NaN,36.39842,NaN,NaN,109.48067
9.0,6.0,75.88347,47.185593,NaN,18.75673,NaN,65.78439,NaN,NaN,87.14531,44.032722,22.417355,21.49471,44.99755,NaN,NaN,119.83965
9.0,7.0,78.647736,NaN,NaN,22.947708,NaN,66.417435,NaN,60.73884,46.711678,31.38645,23.349146,21.669683,NaN,NaN,NaN,128.24109
9.0,8.0,87.68516,46.899563,NaN,38.197956,NaN,72.31494,NaN,59.66883,46.58668,32.672363,41.657314,19.087187,NaN,NaN,NaN,134.96849
9.0,9.0,91.686935,46.069977,NaN,53.736668,NaN,142.33957,NaN,30.71223,54.810955,40.516712,53.634636,27.494389,NaN,NaN,NaN,136.78238
9.0,10.0,NaN,43.15694,NaN,47.693497,NaN,141.49245,NaN,30.914667,59.64138,36.814236,46.39701,26.722288,NaN,NaN,NaN,132.573
9.0,11.0,NaN,NaN,NaN,44.161198,NaN,137.83344,NaN,NaN,67.87303,38.349277,46.82967,NaN,NaN,NaN,NaN,130.03053
9.0,12.0,NaN,NaN,NaN,42.273308,NaN,132.2611,NaN,35.703224,71.70457,37.86867,44.868786,NaN,NaN,NaN,NaN,127.55444
9.0,13.0,NaN,NaN,NaN,41.27264,NaN,127.52884,NaN,35.568752,73.33747,37.61617,45.174175,NaN,NaN,NaN,NaN,125.31686
9.0,14.0,NaN,NaN,NaN,40.847305,NaN,123.41628,NaN,35.598885,73.21997,38.28085,43.368874,NaN,NaN,NaN,NaN,122.54493
9.0,15.0,NaN,NaN,NaN,40.59861,NaN,119.92327,NaN,36.567738,NaN,NaN,43.85667,NaN,NaN,NaN,NaN,NaN
9.0,16.0,NaN,NaN,NaN,40.43993,NaN,117.342896,NaN,36.656677,NaN,NaN,43.76043,NaN,NaN,NaN,NaN,NaN
9.0,17.0,NaN,NaN,NaN,40.347282,NaN,114.915306,NaN,36.73437,NaN,NaN,NaN,NaN,NaN,NaN,NaN,NaN
9.0,18.0,NaN,NaN,NaN,40.296406,NaN,113.00647,NaN,36.913555,NaN,NaN,NaN,NaN,NaN,NaN,NaN,NaN
9.0,19.0,NaN,NaN,NaN,40.267475,NaN,111.53958,NaN,37.00506,NaN,NaN,NaN,NaN,NaN,NaN,NaN,NaN
9.0,20.0,NaN,NaN,NaN,NaN,NaN,110.130035,NaN,NaN,NaN,NaN,NaN,NaN,NaN,NaN,NaN,NaN
9.0,21.0,NaN,NaN,NaN,NaN,NaN,109.07486,NaN,NaN,NaN,NaN,NaN,NaN,NaN,NaN,NaN,NaN
9.0,22.0,NaN,NaN,NaN,NaN,NaN,108.19014,NaN,NaN,NaN,NaN,NaN,NaN,NaN,NaN,NaN,NaN
9.0,23.0,NaN,NaN,NaN,NaN,NaN,107.43549,NaN,NaN,NaN,NaN,NaN,NaN,NaN,NaN,NaN,NaN
9.0,24.0,NaN,NaN,NaN,NaN,NaN,106.82892,NaN,NaN,NaN,NaN,NaN,NaN,NaN,NaN,NaN,NaN
9.0,25.0,NaN,NaN,NaN,NaN,NaN,NaN,NaN,NaN,NaN,NaN,NaN,NaN,NaN,NaN,NaN,NaN
10.0,0.0,13.472679,2.4592488,2.206247,1.7106749,2.6923409,2.782478,3.7471108,5.3253074,4.436725,1.0364697,1.8256882,5.560221,1.9197286,3.0906482,2.2808595,21.247484
10.0,1.0,26.7584,6.732951,9.146642,8.424717,4.9669533,31.57595,19.230778,7.238731,9.401447,27.716976,25.423697,13.443003,14.096663,4.1140413,10.406704,44.508118
10.0,2.0,40.90254,39.987656,9.391479,12.612435,5.183468,26.914495,NaN,44.020096,51.45866,38.644585,38.880875,17.897863,40.390846,NaN,NaN,64.31183
10.0,3.0,52.512108,46.53473,23.303148,17.979168,NaN,29.26759,NaN,37.780857,71.8845,NaN,25.392159,18.628208,42.617897,NaN,NaN,80.90456
10.0,4.0,59.056114,51.988426,NaN,17.81556,NaN,43.620167,NaN,51.678207,67.04503,49.902893,43.334488,17.04406,43.628082,NaN,NaN,96.44727
10.0,5.0,70.29511,68.319916,NaN,16.803013,NaN,58.183598,NaN,51.563454,77.38608,49.401703,44.574493,22.95316,45.0859,NaN,NaN,109.73214
10.0,6.0,76.59682,49.579693,NaN,24.59908,NaN,62.11765,NaN,50.205,76.00803,45.273315,45.236042,NaN,45.087147,NaN,NaN,121.02679
10.0,7.0,83.67312,51.804543,NaN,19.005611,NaN,68.61267,NaN,NaN,93.30684,46.084423,37.51314,21.869215,45.12179,NaN,NaN,129.8787
10.0,8.0,85.41147,NaN,NaN,24.495352,NaN,69.03789,NaN,64.332855,49.627663,38.15918,38.46155,22.164867,NaN,NaN,NaN,137.06787
10.0,9.0,93.92098,NaN,NaN,39.091743,NaN,75.07709,NaN,64.62772,49.296734,39.97837,45.819164,19.149403,NaN,NaN,NaN,142.78116
10.0,10.0,NaN,48.357117,NaN,54.467976,NaN,147.48656,NaN,31.108997,56.86594,42.201157,54.57758,27.733147,NaN,NaN,NaN,143.4154
10.0,11.0,NaN,NaN,NaN,47.94261,NaN,146.33264,NaN,31.25517,61.71499,37.863873,47.24774,NaN,NaN,NaN,NaN,138.33101
10.0,12.0,NaN,NaN,NaN,44.383972,NaN,141.79605,NaN,NaN,69.11741,39.18733,47.70731,NaN,NaN,NaN,NaN,135.03227
10.0,13.0,NaN,NaN,NaN,42.975887,NaN,135.5732,NaN,35.816895,73.02114,38.693832,45.388626,NaN,NaN,NaN,NaN,131.89107
10.0,14.0,NaN,NaN,NaN,41.034885,NaN,130.27022,NaN,35.34188,74.25457,38.31787,45.6496,NaN,NaN,NaN,NaN,129.09851
10.0,15.0,NaN,NaN,NaN,40.836548,NaN,125.67418,NaN,35.360706,NaN,NaN,43.62804,NaN,NaN,NaN,NaN,NaN
10.0,16.0,NaN,NaN,NaN,40.60695,NaN,121.7712,NaN,36.622227,NaN,NaN,44.095406,NaN,NaN,NaN,NaN,NaN
10.0,17.0,NaN,NaN,NaN,40.43993,NaN,118.87244,NaN,36.613297,NaN,NaN,NaN,NaN,NaN,NaN,NaN,NaN
10.0,18.0,NaN,NaN,NaN,40.364788,NaN,116.17525,NaN,37.036087,NaN,NaN,NaN,NaN,NaN,NaN,NaN,NaN
10.0,19.0,NaN,NaN,NaN,40.293346,NaN,114.0487,NaN,36.993343,NaN,NaN,NaN,NaN,NaN,NaN,NaN,NaN
10.0,20.0,NaN,NaN,NaN,NaN,NaN,112.40992,NaN,NaN,NaN,NaN,NaN,NaN,NaN,NaN,NaN,NaN
10.0,21.0,NaN,NaN,NaN,NaN,NaN,110.84671,NaN,NaN,NaN,NaN,NaN,NaN,NaN,NaN,NaN,NaN
10.0,22.0,NaN,NaN,NaN,NaN,NaN,109.663345,NaN,NaN,NaN,NaN,NaN,NaN,NaN,NaN,NaN,NaN
10.0,23.0,NaN,NaN,NaN,NaN,NaN,108.680084,NaN,NaN,NaN,NaN,NaN,NaN,NaN,NaN,NaN,NaN
10.0,24.0,NaN,NaN,NaN,NaN,NaN,107.83714,NaN,NaN,NaN,NaN,NaN,NaN,NaN,NaN,NaN,NaN
10.0,25.0,NaN,NaN,NaN,NaN,NaN,NaN,NaN,NaN,NaN,NaN,NaN,NaN,NaN,NaN,NaN,NaN
11.0,0.0,13.591175,2.939297,2.2525403,1.7172664,2.5644841,1.9714262,2.877165,4.2350664,4.4946475,1.2250072,1.8716946,6.0498886,3.4941525,3.066504,3.3189983,21.588572
11.0,1.0,28.003693,6.6362805,5.497754,4.9290338,5.8626685,15.31753,17.579987,12.494561,14.298693,30.663105,23.204844,13.139888,13.270293,3.774863,8.067697,43.913055
11.0,2.0,40.93317,19.867031,9.526592,11.409121,6.517344,38.985836,NaN,17.725428,46.24905,41.70928,31.040348,16.948391,24.631033,NaN,NaN,64.12147
11.0,3.0,53.44806,49.37363,9.470392,16.17861,NaN,33.171574,NaN,48.29291,62.687782,45.08453,45.211872,20.113531,43.714962,NaN,NaN,81.46547
11.0,4.0,63.026714,53.044632,NaN,18.986458,NaN,35.3386,NaN,52.433895,80.88488,NaN,41.84681,20.4421,44.598255,NaN,NaN,95.975494
11.0,5.0,68.70475,58.055893,NaN,23.98363,NaN,51.466377,NaN,51.36451,74.55666,52.614174,45.806946,23.501347,46.13595,NaN,NaN,109.74856
11.0,6.0,78.78931,73.675385,NaN,17.030039,NaN,63.786575,NaN,52.887093,82.674286,51.80121,46.59496,24.006878,45.435905,NaN,NaN,121.41085
11.0,7.0,84.35502,53.798794,NaN,25.616673,NaN,66.86994,NaN,52.920628,82.46729,47.296745,47.00399,NaN,NaN,NaN,NaN,131.10039
11.0,8.0,90.59501,55.657665,NaN,24.527435,NaN,72.14073,NaN,NaN,97.41145,47.647453,38.32256,NaN,NaN,NaN,NaN,138.62904
11.0,9.0,91.526276,NaN,NaN,27.569817,NaN,72.17231,NaN,64.870674,52.4386,38.97153,45.67866,22.581532,NaN,NaN,NaN,144.74286
11.0,10.0,NaN,NaN,NaN,39.994183,NaN,77.73228,NaN,65.06504,51.886826,41.109467,46.148483,20.110939,NaN,NaN,NaN,149.52902
11.0,11.0,NaN,NaN,NaN,54.574936,NaN,151.95773,NaN,31.391262,58.15306,43.359386,55.551804,NaN,NaN,NaN,NaN,149.05275
11.0,12.0,NaN,NaN,NaN,47.94526,NaN,150.31093,NaN,31.496185,63.065414,38.84498,48.051743,NaN,NaN,NaN,NaN,142.90329
11.0,13.0,NaN,NaN,NaN,44.34227,NaN,145.06175,NaN,NaN,70.2441,40.095573,48.32282,NaN,NaN,NaN,NaN,138.77867
11.0,14.0,NaN,NaN,NaN,43.02639,NaN,138.25224,NaN,NaN,74.561874,40.03611,45.754574,NaN,NaN,NaN,NaN,134.59718
11.0,15.0,NaN,NaN,NaN,41.045692,NaN,132.50092,NaN,NaN,NaN,NaN,45.963238,NaN,NaN,NaN,NaN,NaN
11.0,16.0,NaN,NaN,NaN,40.69545,NaN,127.533226,NaN,NaN,NaN,NaN,43.850365,NaN,NaN,NaN,NaN,NaN
11.0,17.0,NaN,NaN,NaN,40.60639,NaN,123.29449,NaN,36.68559,NaN,NaN,NaN,NaN,NaN,NaN,NaN,NaN
11.0,18.0,NaN,NaN,NaN,40.45175,NaN,120.13042,NaN,36.692852,NaN,NaN,NaN,NaN,NaN,NaN,NaN,NaN
11.0,19.0,NaN,NaN,NaN,40.4408,NaN,117.22411,NaN,NaN,NaN,NaN,NaN,NaN,NaN,NaN,NaN,NaN
11.0,20.0,NaN,NaN,NaN,NaN,NaN,114.91586,NaN,NaN,NaN,NaN,NaN,NaN,NaN,NaN,NaN,NaN
11.0,21.0,NaN,NaN,NaN,NaN,NaN,113.123856,NaN,NaN,NaN,NaN,NaN,NaN,NaN,NaN,NaN,NaN
11.0,22.0,NaN,NaN,NaN,NaN,NaN,111.43999,NaN,NaN,NaN,NaN,NaN,NaN,NaN,NaN,NaN,NaN
11.0,23.0,NaN,NaN,NaN,NaN,NaN,110.15431,NaN,NaN,NaN,NaN,NaN,NaN,NaN,NaN,NaN,NaN
11.0,24.0,NaN,NaN,NaN,NaN,NaN,109.08825,NaN,NaN,NaN,NaN,NaN,NaN,NaN,NaN,NaN,NaN
11.0,25.0,NaN,NaN,NaN,NaN,NaN,NaN,NaN,NaN,NaN,NaN,NaN,NaN,NaN,NaN,NaN,NaN
12.0,0.0,13.156516,3.3036218,2.8294299,1.9420953,2.217642,2.0284634,4.0239854,5.562179,5.998979,1.0922507,1.4431236,5.1566677,3.6606832,2.9570248,2.1410985,21.771442
12.0,1.0,28.380943,7.5189533,7.047183,6.241528,8.170859,18.338083,13.086388,23.77944,6.9480424,18.501493,24.028444,12.637496,11.215804,3.6251607,10.027384,44.159454
12.0,2.0,42.760548,28.327938,13.872313,7.3494635,6.9518824,24.114668,29.10621,21.057138,46.463097,38.406403,27.752552,18.612822,26.579823,NaN,NaN,63.477036
12.0,3.0,53.60711,25.768143,9.479658,13.430057,NaN,45.2571,NaN,21.868048,57.73096,47.993755,36.12862,19.2873,26.53656,NaN,NaN,81.268295
12.0,4.0,64.48408,57.66807,NaN,18.569153,NaN,37.655792,NaN,51.114258,72.68725,50.102974,52.6971,21.392317,45.059902,NaN,NaN,96.47103
12.0,5.0,72.40708,59.08244,NaN,19.743166,NaN,40.876125,NaN,55.03889,88.26519,NaN,44.60419,21.291603,45.4584,NaN,NaN,109.217964
12.0,6.0,77.20706,70.69822,NaN,27.209387,NaN,57.828323,NaN,53.028305,80.29778,55.35862,47.731194,24.53543,46.422924,NaN,NaN,121.37145
12.0,7.0,86.4804,77.60173,NaN,31.857466,NaN,67.53241,NaN,56.407818,87.81177,53.44517,48.322678,24.901726,45.841022,NaN,NaN,131.58861
12.0,8.0,91.36087,57.14402,NaN,25.937992,NaN,69.96051,NaN,55.32527,96.9296,48.77088,48.380016,NaN,NaN,NaN,NaN,139.89603
12.0,9.0,96.80276,NaN,NaN,32.571938,NaN,75.221756,NaN,NaN,101.04624,49.217598,55.589966,NaN,NaN,NaN,NaN,146.25421
12.0,10.0,NaN,NaN,NaN,28.053997,NaN,74.84073,NaN,65.224686,54.38862,40.17533,48.75097,22.733343,NaN,NaN,NaN,151.39568
12.0,11.0,NaN,NaN,NaN,40.699284,NaN,79.843155,NaN,65.36435,53.21334,42.429264,56.346794,NaN,NaN,NaN,NaN,154.99213
12.0,12.0,NaN,NaN,NaN,54.904476,NaN,155.80594,NaN,NaN,60.56765,44.294846,56.302895,NaN,NaN,NaN,NaN,150.47247
12.0,13.0,NaN,NaN,NaN,48.30424,NaN,153.58191,NaN,NaN,64.65211,39.597313,48.54345,NaN,NaN,NaN,NaN,NaN
12.0,14.0,NaN,NaN,NaN,45.426132,NaN,147.78227,NaN,NaN,71.27178,40.853844,48.738697,NaN,NaN,NaN,NaN,NaN
12.0,15.0,NaN,NaN,NaN,43.02996,NaN,140.50009,NaN,NaN,NaN,NaN,46.34383,NaN,NaN,NaN,NaN,NaN
12.0,16.0,NaN,NaN,NaN,NaN,NaN,134.34883,NaN,NaN,NaN,NaN,46.530807,NaN,NaN,NaN,NaN,NaN
12.0,17.0,NaN,NaN,NaN,NaN,NaN,129.03156,NaN,NaN,NaN,NaN,NaN,NaN,NaN,NaN,NaN,NaN
12.0,18.0,NaN,NaN,NaN,40.462456,NaN,124.54529,NaN,NaN,NaN,NaN,NaN,NaN,NaN,NaN,NaN,NaN
12.0,19.0,NaN,NaN,NaN,40.44089,NaN,121.1647,NaN,NaN,NaN,NaN,NaN,NaN,NaN,NaN,NaN,NaN
12.0,20.0,NaN,NaN,NaN,NaN,NaN,118.09269,NaN,NaN,NaN,NaN,NaN,NaN,NaN,NaN,NaN,NaN
12.0,21.0,NaN,NaN,NaN,NaN,NaN,115.63874,NaN,NaN,NaN,NaN,NaN,NaN,NaN,NaN,NaN,NaN
12.0,22.0,NaN,NaN,NaN,NaN,NaN,113.707924,NaN,NaN,NaN,NaN,NaN,NaN,NaN,NaN,NaN,NaN
12.0,23.0,NaN,NaN,NaN,NaN,NaN,111.93066,NaN,NaN,NaN,NaN,NaN,NaN,NaN,NaN,NaN,NaN
12.0,24.0,NaN,NaN,NaN,NaN,NaN,110.55499,NaN,NaN,NaN,NaN,NaN,NaN,NaN,NaN,NaN,NaN
12.0,25.0,NaN,NaN,NaN,NaN,NaN,NaN,NaN,NaN,NaN,NaN,NaN,NaN,NaN,NaN,NaN,NaN
13.0,0.0,13.088276,3.6465561,2.3377538,1.5870869,2.149027,2.4919186,2.7212458,5.2360644,5.4836507,0.987227,1.4596121,6.6808877,2.456905,2.9661822,2.3438997,21.739935
13.0,1.0,26.684814,6.199905,8.880738,10.112082,2.817355,22.945408,21.205,8.759687,12.499379,19.642813,2.845756,13.867016,13.287022,3.1484475,8.967063,44.441517
13.0,2.0,44.890522,40.657585,22.718815,12.600519,11.83722,18.562227,26.577827,40.42861,53.78073,33.280018,28.317453,15.264109,31.602467,NaN,NaN,63.919163
13.0,3.0,55.139927,39.418953,28.226257,14.35706,NaN,27.858824,NaN,29.413563,59.704224,NaN,30.771948,23.25799,27.191956,NaN,NaN,80.66846
13.0,4.0,64.73127,62.643486,NaN,14.420271,NaN,49.09169,NaN,55.971302,68.18901,52.279675,53.84844,21.321854,27.415564,NaN,NaN,96.43293
13.0,5.0,74.24111,63.113018,NaN,20.679375,NaN,45.204384,NaN,55.44637,81.061,54.01234,54.376114,22.608002,45.68445,NaN,NaN,109.764915
13.0,6.0,81.07818,63.87972,NaN,20.167953,NaN,47.430424,NaN,56.388294,94.832344,NaN,55.660313,NaN,45.866608,NaN,NaN,120.86595
13.0,7.0,85.19964,74.682785,NaN,34.293705,NaN,62.572895,NaN,54.704094,84.96566,57.64719,49.318348,25.319231,46.57913,NaN,NaN,131.52448
13.0,8.0,93.272514,80.84927,NaN,37.713737,NaN,70.5248,NaN,56.6371,91.522316,55.419437,49.710983,25.592182,46.586845,NaN,NaN,140.47723
13.0,9.0,97.56862,NaN,NaN,26.244669,NaN,73.41705,NaN,56.32066,100.16386,50.255753,49.406982,NaN,NaN,NaN,NaN,147.54515
13.0,10.0,NaN,NaN,NaN,35.09576,NaN,77.96433,NaN,NaN,103.92297,50.64535,56.478695,NaN,NaN,NaN,NaN,152.86723
13.0,11.0,NaN,NaN,NaN,28.49684,NaN,77.4556,NaN,NaN,55.71958,42.721424,56.68833,NaN,NaN,NaN,NaN,157.1607
13.0,12.0,NaN,NaN,NaN,43.94217,NaN,81.5789,NaN,NaN,54.56436,43.997402,57.24515,NaN,NaN,NaN,NaN,159.91748
13.0,13.0,NaN,NaN,NaN,55.41631,NaN,159.07472,NaN,NaN,62.58885,45.44405,57.005985,NaN,NaN,NaN,NaN,NaN
13.0,14.0,NaN,NaN,NaN,48.488,NaN,156.32802,NaN,NaN,67.5859,40.26231,48.946327,NaN,NaN,NaN,NaN,NaN
13.0,15.0,NaN,NaN,NaN,45.703213,NaN,150.03568,NaN,NaN,NaN,NaN,49.08748,NaN,NaN,NaN,NaN,NaN
13.0,16.0,NaN,NaN,NaN,NaN,NaN,142.36319,NaN,NaN,NaN,NaN,46.61563,NaN,NaN,NaN,NaN,NaN
13.0,17.0,NaN,NaN,NaN,NaN,NaN,135.8739,NaN,NaN,NaN,NaN,NaN,NaN,NaN,NaN,NaN,NaN
13.0,18.0,NaN,NaN,NaN,NaN,NaN,130.28415,NaN,NaN,NaN,NaN,NaN,NaN,NaN,NaN,NaN,NaN
13.0,19.0,NaN,NaN,NaN,NaN,NaN,125.589455,NaN,NaN,NaN,NaN,NaN,NaN,NaN,NaN,NaN,NaN
13.0,20.0,NaN,NaN,NaN,NaN,NaN,122.03143,NaN,NaN,NaN,NaN,NaN,NaN,NaN,NaN,NaN,NaN
13.0,21.0,NaN,NaN,NaN,NaN,NaN,118.812584,NaN,NaN,NaN,NaN,NaN,NaN,NaN,NaN,NaN,NaN
13.0,22.0,NaN,NaN,NaN,NaN,NaN,116.23198,NaN,NaN,NaN,NaN,NaN,NaN,NaN,NaN,NaN,NaN
13.0,23.0,NaN,NaN,NaN,NaN,NaN,114.19826,NaN,NaN,NaN,NaN,NaN,NaN,NaN,NaN,NaN,NaN
13.0,24.0,NaN,NaN,NaN,NaN,NaN,112.318085,NaN,NaN,NaN,NaN,NaN,NaN,NaN,NaN,NaN,NaN
13.0,25.0,NaN,NaN,NaN,NaN,NaN,NaN,NaN,NaN,NaN,NaN,NaN,NaN,NaN,NaN,NaN,NaN
14.0,0.0,13.405986,2.4872336,2.3421264,1.6580503,2.427332,2.5084157,2.7089176,4.658881,4.5538344,1.0961059,1.7415422,1.5250573,2.6331782,3.45756,2.099983,21.62643
14.0,1.0,25.959116,8.678687,5.360237,6.228975,2.5058992,20.054462,23.784153,10.135516,16.229126,22.834944,26.813648,19.397015,11.373767,3.157469,9.506156,44.58113
14.0,2.0,45.186405,34.248566,13.58057,14.279595,2.7780876,34.80292,30.640112,42.310917,62.21457,35.961807,42.398445,19.98298,31.648792,NaN,NaN,64.19583
14.0,3.0,57.282646,48.145924,26.462883,13.748845,NaN,19.810894,NaN,45.242226,63.992786,39.802826,31.526836,31.752295,NaN,NaN,NaN,81.1864
14.0,4.0,66.26438,56.127304,NaN,14.8967,NaN,34.955326,NaN,59.72941,67.84539,NaN,33.797493,23.914783,NaN,NaN,NaN,95.8376
14.0,5.0,74.66438,68.55794,NaN,15.270629,NaN,54.363453,NaN,63.11541,76.783295,55.318516,64.24324,23.234009,NaN,NaN,NaN,109.707886
14.0,6.0,82.94277,68.561005,NaN,23.174044,NaN,51.76895,NaN,63.902782,87.09341,56.67637,56.637707,NaN,45.9591,NaN,NaN,121.37438
14.0,7.0,88.84159,68.00322,NaN,20.696285,NaN,52.346878,NaN,57.826313,99.47837,NaN,57.653374,NaN,46.041927,NaN,NaN,131.00092
14.0,8.0,92.29579,81.57462,NaN,34.558514,NaN,66.58206,NaN,56.00874,88.9814,59.177197,50.83811,25.87636,46.757915,NaN,NaN,140.37381
14.0,9.0,99.23796,NaN,NaN,40.581722,NaN,73.67161,NaN,58.510845,94.61649,56.963745,50.846855,25.914648,46.77544,NaN,NaN,148.20302
14.0,10.0,NaN,NaN,NaN,43.6234,NaN,76.1546,NaN,57.56322,102.75241,51.484146,50.345905,NaN,NaN,NaN,NaN,154.1519
14.0,11.0,NaN,NaN,NaN,39.61691,NaN,80.52075,NaN,NaN,105.83476,51.667454,57.123554,NaN,NaN,NaN,NaN,158.51607
14.0,12.0,NaN,NaN,NaN,44.175964,NaN,79.82749,NaN,NaN,56.7124,43.74304,57.359123,NaN,NaN,NaN,NaN,161.81587
14.0,13.0,NaN,NaN,NaN,46.247345,NaN,84.207596,NaN,NaN,55.60998,44.696007,57.67389,NaN,NaN,NaN,NaN,162.86491
14.0,14.0,NaN,NaN,NaN,55.344273,NaN,161.80301,NaN,NaN,65.32244,45.996696,57.541912,NaN,NaN,NaN,NaN,NaN
14.0,15.0,NaN,NaN,NaN,48.603355,NaN,158.58936,NaN,NaN,NaN,NaN,49.316643,NaN,NaN,NaN,NaN,NaN
14.0,16.0,NaN,NaN,NaN,45.834843,NaN,151.88452,NaN,NaN,NaN,NaN,49.44801,NaN,NaN,NaN,NaN,NaN
14.0,17.0,NaN,NaN,NaN,NaN,NaN,143.90858,NaN,NaN,NaN,NaN,NaN,NaN,NaN,NaN,NaN,NaN
14.0,18.0,NaN,NaN,NaN,NaN,NaN,137.14235,NaN,NaN,NaN,NaN,NaN,NaN,NaN,NaN,NaN,NaN
14.0,19.0,NaN,NaN,NaN,NaN,NaN,131.34444,NaN,NaN,NaN,NaN,NaN,NaN,NaN,NaN,NaN,NaN
14.0,20.0,NaN,NaN,NaN,NaN,NaN,126.46209,NaN,NaN,NaN,NaN,NaN,NaN,NaN,NaN,NaN,NaN
14.0,21.0,NaN,NaN,NaN,NaN,NaN,122.75437,NaN,NaN,NaN,NaN,NaN,NaN,NaN,NaN,NaN,NaN
14.0,22.0,NaN,NaN,NaN,NaN,NaN,119.4069,NaN,NaN,NaN,NaN,NaN,NaN,NaN,NaN,NaN,NaN
14.0,23.0,NaN,NaN,NaN,NaN,NaN,116.70124,NaN,NaN,NaN,NaN,NaN,NaN,NaN,NaN,NaN,NaN
14.0,24.0,NaN,NaN,NaN,NaN,NaN,114.61425,NaN,NaN,NaN,NaN,NaN,NaN,NaN,NaN,NaN,NaN
14.0,25.0,NaN,NaN,NaN,NaN,NaN,NaN,NaN,NaN,NaN,NaN,NaN,NaN,NaN,NaN,NaN,NaN
15.0,0.0,12.8239975,2.574489,2.3408597,1.6584508,2.2025075,2.932709,6.8402915,4.2752924,5.063639,1.2451466,1.8447326,4.8877053,2.470661,2.9376025,3.450372,21.05726
15.0,1.0,28.509056,7.1090937,6.915198,6.5808043,2.8029654,21.820673,12.064163,21.254704,12.857328,NaN,26.343521,9.970247,30.572294,4.142823,8.256078,44.659607
15.0,2.0,43.676163,47.24681,15.082582,12.564152,2.6599329,29.006435,30.397985,44.888496,33.25597,35.092934,45.808975,28.838476,35.216045,NaN,NaN,64.07363
15.0,3.0,57.760437,51.065624,15.07126,15.9931,NaN,42.081833,41.715,46.32369,72.89431,41.88358,46.515648,31.320011,NaN,NaN,NaN,81.129326
15.0,4.0,68.2784,59.092587,NaN,15.240999,NaN,23.77329,NaN,47.571884,72.48251,44.373558,40.193657,34.89634,NaN,NaN,NaN,96.26898
15.0,5.0,76.11502,62.02764,NaN,15.387658,NaN,43.960163,NaN,62.288757,74.49207,NaN,41.699097,35.737083,NaN,NaN,NaN,109.10846
15.0,6.0,83.372154,72.83569,NaN,18.21576,NaN,59.67213,NaN,65.050026,82.97445,57.867558,66.29441,28.592754,NaN,NaN,NaN,121.30128
15.0,7.0,90.89052,NaN,NaN,23.828636,NaN,56.35972,NaN,65.83293,92.11505,59.013546,58.22252,NaN,46.085506,NaN,NaN,131.47556
15.0,8.0,95.582504,NaN,NaN,32.862034,NaN,56.6794,NaN,59.867733,103.242165,NaN,58.87647,NaN,NaN,NaN,NaN,139.8392
15.0,9.0,98.406784,NaN,NaN,35.80194,NaN,69.60851,NaN,67.81627,92.08735,60.82059,51.645535,NaN,46.78506,NaN,NaN,148.07584
15.0,10.0,NaN,NaN,NaN,46.047565,NaN,76.7275,NaN,58.324257,97.211044,58.118397,51.518234,NaN,46.793026,NaN,NaN,154.8302
15.0,11.0,NaN,NaN,NaN,44.56917,NaN,79.08856,NaN,57.968624,104.50284,52.296284,50.94925,NaN,NaN,NaN,NaN,159.09764
15.0,12.0,NaN,NaN,NaN,43.99444,NaN,82.76024,NaN,NaN,106.94457,52.68974,57.51565,NaN,NaN,NaN,NaN,161.98882
15.0,13.0,NaN,NaN,NaN,44.188377,NaN,81.70456,NaN,NaN,57.72871,44.457676,57.756733,NaN,NaN,NaN,NaN,NaN
15.0,14.0,NaN,NaN,NaN,46.190178,NaN,85.97602,NaN,NaN,56.46431,47.06621,58.330406,NaN,NaN,NaN,NaN,NaN
15.0,15.0,NaN,NaN,NaN,55.229145,NaN,164.05663,NaN,NaN,NaN,NaN,57.91158,NaN,NaN,NaN,NaN,NaN
15.0,16.0,NaN,NaN,NaN,49.01019,NaN,160.45616,NaN,NaN,NaN,NaN,49.57623,NaN,NaN,NaN,NaN,NaN
15.0,17.0,NaN,NaN,NaN,NaN,NaN,153.4237,NaN,NaN,NaN,NaN,NaN,NaN,NaN,NaN,NaN,NaN
15.0,18.0,NaN,NaN,NaN,NaN,NaN,145.17981,NaN,NaN,NaN,NaN,NaN,NaN,NaN,NaN,NaN,NaN
15.0,19.0,NaN,NaN,NaN,NaN,NaN,138.19571,NaN,NaN,NaN,NaN,NaN,NaN,NaN,NaN,NaN,NaN
15.0,20.0,NaN,NaN,NaN,NaN,NaN,132.21236,NaN,NaN,NaN,NaN,NaN,NaN,NaN,NaN,NaN,NaN
15.0,21.0,NaN,NaN,NaN,NaN,NaN,127.17773,NaN,NaN,NaN,NaN,NaN,NaN,NaN,NaN,NaN,NaN
15.0,22.0,NaN,NaN,NaN,NaN,NaN,123.34085,NaN,NaN,NaN,NaN,NaN,NaN,NaN,NaN,NaN,NaN
15.0,23.0,NaN,NaN,NaN,NaN,NaN,119.854935,NaN,NaN,NaN,NaN,NaN,NaN,NaN,NaN,NaN,NaN
15.0,24.0,NaN,NaN,NaN,NaN,NaN,117.12157,NaN,NaN,NaN,NaN,NaN,NaN,NaN,NaN,NaN,NaN
15.0,25.0,NaN,NaN,NaN,NaN,NaN,NaN,NaN,NaN,NaN,NaN,NaN,NaN,NaN,NaN,NaN,NaN
16.0,0.0,13.872226,3.1308942,2.8723254,1.6837467,2.9493604,1.6770977,2.7183616,4.224611,4.9241767,1.2618486,1.954888,5.550096,1.6988372,3.00264,2.0814137,21.980762
16.0,1.0,25.557154,7.4848433,10.405228,7.378806,3.0537386,17.973555,25.032307,11.051483,9.500131,28.179977,22.877342,12.154781,20.088062,3.0378091,8.849942,43.72053
16.0,2.0,42.009884,40.462093,10.473421,14.803776,2.795229,32.467316,NaN,50.682526,64.28105,NaN,52.653423,10.954323,37.58223,NaN,NaN,64.378716
16.0,3.0,56.54196,56.390793,17.750032,17.20737,NaN,40.671814,43.75635,47.829315,66.42801,40.992455,49.992397,32.66833,38.952663,NaN,NaN,81.12743
16.0,4.0,69.02791,59.58821,NaN,18.211884,NaN,50.838963,45.29051,47.94566,82.46494,46.01177,50.814823,33.802616,NaN,NaN,NaN,96.15853
16.0,5.0,78.09813,64.74463,NaN,16.414244,NaN,32.242794,NaN,49.971222,79.71451,48.148144,43.02886,36.98442,NaN,NaN,NaN,109.58301
16.0,6.0,84.97594,67.11866,NaN,21.833948,NaN,49.727825,NaN,64.07838,80.14245,NaN,44.013153,37.17528,NaN,NaN,NaN,120.726715
16.0,7.0,91.46752,NaN,NaN,18.524326,NaN,62.869537,NaN,66.24748,88.48676,60.08622,NaN,NaN,NaN,NaN,NaN,131.43924
16.0,8.0,97.90464,NaN,NaN,25.486803,NaN,60.371006,NaN,66.5552,96.20149,61.11143,59.43874,NaN,NaN,NaN,NaN,140.28998
16.0,9.0,101.60956,NaN,NaN,33.748596,NaN,59.955563,NaN,60.399178,106.341125,NaN,60.066757,NaN,NaN,NaN,NaN,147.52556
16.0,10.0,NaN,NaN,NaN,39.70183,NaN,72.09612,NaN,67.7753,94.64243,61.915,52.464294,NaN,46.797287,NaN,NaN,154.71625
16.0,11.0,NaN,NaN,NaN,46.346928,NaN,79.12557,NaN,59.440323,99.15782,59.430145,52.245213,NaN,46.800915,NaN,NaN,159.4959
16.0,12.0,NaN,NaN,NaN,45.952545,NaN,81.553734,NaN,59.39318,106.026596,53.152912,51.42307,NaN,NaN,NaN,NaN,NaN
16.0,13.0,NaN,NaN,NaN,44.01769,NaN,84.614136,NaN,NaN,108.682785,53.408142,57.943195,NaN,NaN,NaN,NaN,NaN
16.0,14.0,NaN,NaN,NaN,44.247887,NaN,82.99583,NaN,NaN,58.65537,45.344013,58.10577,NaN,NaN,NaN,NaN,NaN
16.0,15.0,NaN,NaN,NaN,45.617844,NaN,86.990204,NaN,NaN,NaN,NaN,58.617493,NaN,NaN,NaN,NaN,NaN
16.0,16.0,NaN,NaN,NaN,55.365665,NaN,165.91843,NaN,NaN,NaN,NaN,58.251648,NaN,NaN,NaN,NaN,NaN
16.0,17.0,NaN,NaN,NaN,48.95819,NaN,161.99695,NaN,NaN,NaN,NaN,NaN,NaN,NaN,NaN,NaN,NaN
16.0,18.0,NaN,NaN,NaN,NaN,NaN,154.69215,NaN,NaN,NaN,NaN,NaN,NaN,NaN,NaN,NaN,NaN
16.0,19.0,NaN,NaN,NaN,NaN,NaN,146.2223,NaN,NaN,NaN,NaN,NaN,NaN,NaN,NaN,NaN,NaN
16.0,20.0,NaN,NaN,NaN,NaN,NaN,139.06256,NaN,NaN,NaN,NaN,NaN,NaN,NaN,NaN,NaN,NaN
16.0,21.0,NaN,NaN,NaN,NaN,NaN,132.93002,NaN,NaN,NaN,NaN,NaN,NaN,NaN,NaN,NaN,NaN
16.0,22.0,NaN,NaN,NaN,NaN,NaN,127.74717,NaN,NaN,NaN,NaN,NaN,NaN,NaN,NaN,NaN,NaN
16.0,23.0,NaN,NaN,NaN,NaN,NaN,123.86833,NaN,NaN,NaN,NaN,NaN,NaN,NaN,NaN,NaN,NaN
16.0,24.0,NaN,NaN,NaN,NaN,NaN,120.26369,NaN,NaN,NaN,NaN,NaN,NaN,NaN,NaN,NaN,NaN
16.0,25.0,NaN,NaN,NaN,NaN,NaN,NaN,NaN,NaN,NaN,NaN,NaN,NaN,NaN,NaN,NaN,NaN
17.0,0.0,14.469788,3.3132153,2.645235,1.8988192,3.2562263,2.6431277,2.6172416,4.2005024,5.970221,1.0552058,1.2763457,4.8442907,2.0060766,2.906724,2.250218,21.750448
17.0,1.0,27.126207,6.340705,11.03556,7.3892436,3.7433617,3.8250175,21.501778,11.385885,13.561602,31.976988,40.22936,11.358899,21.779436,3.1761093,9.20339,44.747036
17.0,2.0,41.83701,37.38626,15.792021,14.278257,3.094872,27.230743,37.14384,50.074375,64.18181,35.917583,47.426083,17.04841,21.569315,NaN,NaN,63.61264
17.0,3.0,54.545425,49.30932,12.602457,21.594465,NaN,42.375107,NaN,55.762188,76.072205,NaN,57.716724,31.219406,40.180843,NaN,NaN,81.41281
17.0,4.0,67.96479,64.734825,NaN,18.714344,NaN,50.830814,46.56228,58.026108,75.710915,44.95526,53.665398,34.376656,40.651634,NaN,NaN,96.06509
17.0,5.0,78.9303,69.30324,NaN,19.915949,NaN,57.528805,47.52123,60.213867,89.717155,49.940716,55.402557,35.749027,NaN,NaN,NaN,109.38005
17.0,6.0,86.83095,69.43478,NaN,16.874655,NaN,38.29223,NaN,60.614025,85.30424,51.45301,44.521667,NaN,NaN,NaN,NaN,121.180954
17.0,7.0,92.88603,71.44417,NaN,23.281446,NaN,54.237732,NaN,65.264824,85.13026,NaN,45.35956,NaN,NaN,NaN,NaN,130.85527
17.0,8.0,98.51556,NaN,NaN,18.436802,NaN,67.71876,NaN,67.07621,92.78366,62.136173,NaN,NaN,NaN,NaN,NaN,140.25542
17.0,9.0,104.22419,NaN,NaN,36.401432,NaN,62.623737,NaN,67.13935,99.26635,62.861168,60.521885,NaN,NaN,NaN,NaN,147.94646
17.0,10.0,NaN,NaN,NaN,33.7185,NaN,62.094288,NaN,60.477047,108.76652,NaN,61.054073,NaN,NaN,NaN,NaN,154.17767
17.0,11.0,NaN,NaN,NaN,39.682777,NaN,73.95311,NaN,NaN,96.7629,62.958797,53.111584,NaN,46.8029,NaN,NaN,159.90257
17.0,12.0,NaN,NaN,NaN,47.253475,NaN,81.36747,NaN,59.70223,100.62949,60.333103,52.824863,NaN,46.804543,NaN,NaN,163.28404
17.0,13.0,NaN,NaN,NaN,52.579086,NaN,83.56889,NaN,59.621696,105.54623,53.708485,51.918472,NaN,NaN,NaN,NaN,NaN
17.0,14.0,NaN,NaN,NaN,43.94641,NaN,86.14712,NaN,NaN,113.38393,53.902164,58.288048,NaN,NaN,NaN,NaN,NaN
17.0,15.0,NaN,NaN,NaN,44.216393,NaN,83.97516,NaN,NaN,NaN,NaN,58.440643,NaN,NaN,NaN,NaN,NaN
17.0,16.0,NaN,NaN,NaN,45.846214,NaN,87.9405,NaN,NaN,NaN,NaN,59.318027,NaN,NaN,NaN,NaN,NaN
17.0,17.0,NaN,NaN,NaN,55.527885,NaN,167.46883,NaN,NaN,NaN,NaN,NaN,NaN,NaN,NaN,NaN,NaN
17.0,18.0,NaN,NaN,NaN,NaN,NaN,163.2628,NaN,NaN,NaN,NaN,NaN,NaN,NaN,NaN,NaN,NaN
17.0,19.0,NaN,NaN,NaN,NaN,NaN,155.75183,NaN,NaN,NaN,NaN,NaN,NaN,NaN,NaN,NaN,NaN
17.0,20.0,NaN,NaN,NaN,NaN,NaN,147.09203,NaN,NaN,NaN,NaN,NaN,NaN,NaN,NaN,NaN,NaN
17.0,21.0,NaN,NaN,NaN,NaN,NaN,139.85478,NaN,NaN,NaN,NaN,NaN,NaN,NaN,NaN,NaN,NaN
17.0,22.0,NaN,NaN,NaN,NaN,NaN,133.40839,NaN,NaN,NaN,NaN,NaN,NaN,NaN,NaN,NaN,NaN
17.0,23.0,NaN,NaN,NaN,NaN,NaN,128.24017,NaN,NaN,NaN,NaN,NaN,NaN,NaN,NaN,NaN,NaN
17.0,24.0,NaN,NaN,NaN,NaN,NaN,124.262184,NaN,NaN,NaN,NaN,NaN,NaN,NaN,NaN,NaN,NaN
17.0,25.0,NaN,NaN,NaN,NaN,NaN,NaN,NaN,NaN,NaN,NaN,NaN,NaN,NaN,NaN,NaN,NaN
18.0,0.0,14.297989,3.3432744,1.8209939,1.7988557,3.1930635,1.8019722,2.9078975,5.077262,6.1781693,1.178987,1.358899,1.1839845,3.205714,3.0043104,2.3034883,21.909176
18.0,1.0,28.605968,7.166387,9.185763,8.090672,7.290345,19.12825,11.041313,18.164595,16.180613,24.96105,21.517609,16.059458,4.742005,2.9549727,8.812661,44.67286
18.0,2.0,40.711514,17.973904,24.92303,10.716272,4.0660415,33.51322,NaN,24.177319,60.50551,39.35134,43.991844,15.760225,21.518944,NaN,NaN,64.47407
18.0,3.0,55.52318,45.99625,22.925407,19.07319,NaN,33.55842,NaN,58.884197,77.22767,42.557137,42.439667,22.67109,22.026163,NaN,NaN,80.95235
18.0,4.0,65.92254,62.391434,NaN,23.470757,NaN,53.15937,NaN,58.982685,86.62461,NaN,61.52873,34.708347,41.18869,NaN,NaN,96.375
18.0,5.0,78.116844,70.82398,NaN,21.628363,NaN,58.654068,48.314587,60.323708,82.40048,48.207226,56.59522,36.64147,41.331474,NaN,NaN,109.293884
18.0,6.0,87.8199,74.39142,NaN,20.23327,NaN,61.5851,NaN,62.074528,95.22291,52.85428,57.89919,37.388763,NaN,NaN,NaN,120.95176
18.0,7.0,94.65529,73.40988,NaN,17.118015,NaN,42.887672,NaN,61.512894,89.678276,54.089703,46.22839,NaN,NaN,NaN,NaN,131.30576
18.0,8.0,99.91623,75.07159,NaN,23.26642,NaN,59.18575,NaN,66.48803,89.247665,NaN,47.07817,NaN,NaN,NaN,NaN,139.68318
18.0,9.0,104.79633,NaN,NaN,20.58953,NaN,71.833534,NaN,67.71108,95.86331,63.706966,NaN,NaN,NaN,NaN,NaN,147.92337
18.0,10.0,NaN,NaN,NaN,36.62256,NaN,64.334015,NaN,67.64738,101.77983,64.24722,61.44959,NaN,NaN,NaN,NaN,154.58208
18.0,11.0,NaN,NaN,NaN,36.64838,NaN,64.16106,NaN,60.805664,110.57375,NaN,61.844315,NaN,NaN,NaN,NaN,159.73175
18.0,12.0,NaN,NaN,NaN,40.14933,NaN,75.57616,NaN,NaN,98.44861,63.970898,53.702946,NaN,46.80544,NaN,NaN,163.62978
18.0,13.0,NaN,NaN,NaN,52.495834,NaN,83.518616,NaN,59.825092,101.80631,61.012054,53.34876,NaN,46.80618,NaN,NaN,NaN
18.0,14.0,NaN,NaN,NaN,52.596466,NaN,85.433846,NaN,59.607594,106.907234,54.355793,52.31251,NaN,NaN,NaN,NaN,NaN
18.0,15.0,NaN,NaN,NaN,44.48861,NaN,87.53734,NaN,NaN,NaN,NaN,58.570446,NaN,NaN,NaN,NaN,NaN
18.0,16.0,NaN,NaN,NaN,48.011906,NaN,85.08278,NaN,NaN,NaN,NaN,58.67966,NaN,NaN,NaN,NaN,NaN
18.0,17.0,NaN,NaN,NaN,45.818874,NaN,88.967155,NaN,NaN,NaN,NaN,NaN,NaN,NaN,NaN,NaN,NaN
18.0,18.0,NaN,NaN,NaN,55.927856,NaN,168.7467,NaN,NaN,NaN,NaN,NaN,NaN,NaN,NaN,NaN,NaN
18.0,19.0,NaN,NaN,NaN,NaN,NaN,164.31262,NaN,NaN,NaN,NaN,NaN,NaN,NaN,NaN,NaN,NaN
18.0,20.0,NaN,NaN,NaN,NaN,NaN,156.61803,NaN,NaN,NaN,NaN,NaN,NaN,NaN,NaN,NaN,NaN
18.0,21.0,NaN,NaN,NaN,NaN,NaN,147.88005,NaN,NaN,NaN,NaN,NaN,NaN,NaN,NaN,NaN,NaN
18.0,22.0,NaN,NaN,NaN,NaN,NaN,140.24168,NaN,NaN,NaN,NaN,NaN,NaN,NaN,NaN,NaN,NaN
18.0,23.0,NaN,NaN,NaN,NaN,NaN,133.89644,NaN,NaN,NaN,NaN,NaN,NaN,NaN,NaN,NaN,NaN
18.0,24.0,NaN,NaN,NaN,NaN,NaN,128.99474,NaN,NaN,NaN,NaN,NaN,NaN,NaN,NaN,NaN,NaN
18.0,25.0,NaN,NaN,NaN,NaN,NaN,NaN,NaN,NaN,NaN,NaN,NaN,NaN,NaN,NaN,NaN,NaN
19.0,0.0,13.552249,3.3623002,2.2025352,1.5912493,2.1434565,3.4590836,2.223801,4.9330006,4.933957,1.0946984,1.3660262,4.1562204,2.5348814,3.3022592,2.5078657,21.931095
19.0,1.0,28.408049,6.534438,3.5034423,8.67479,7.9995213,9.755477,12.106207,12.200112,12.443614,28.235893,24.157425,12.743745,3.1402864,3.4675522,9.028628,44.664673
19.0,2.0,44.148712,43.818424,9.167794,11.983873,5.8949094,36.438908,34.993927,44.843353,57.19712,31.535608,35.65849,16.353167,18.825752,NaN,NaN,64.400955
19.0,3.0,53.928894,48.96949,30.922361,17.063389,NaN,48.763054,NaN,56.20586,72.733086,45.42363,47.58879,24.489704,22.171883,NaN,NaN,81.65148
19.0,4.0,66.8393,54.940857,NaN,21.476236,NaN,42.25692,NaN,61.819565,87.0583,47.798153,NaN,24.785297,NaN,NaN,NaN,96.08312
19.0,5.0,76.10875,68.853485,NaN,26.578646,NaN,58.138855,NaN,60.8469,93.926994,NaN,64.68741,NaN,45.911377,NaN,NaN,109.58824
19.0,6.0,87.13892,75.89271,NaN,22.105349,NaN,61.045006,NaN,61.956738,88.03576,NaN,58.933624,38.000507,46.2742,NaN,NaN,120.892746
19.0,7.0,95.63545,78.65175,NaN,21.3354,NaN,64.2876,NaN,63.193108,99.96725,55.368114,59.90477,38.44777,NaN,NaN,NaN,131.07222
19.0,8.0,101.56377,76.720024,NaN,41.877747,NaN,47.339836,NaN,62.2626,93.32069,56.361996,47.822365,NaN,NaN,NaN,NaN,140.11983
19.0,9.0,106.16351,77.7962,NaN,28.524067,NaN,63.28151,NaN,67.11324,92.25687,NaN,48.458477,NaN,NaN,NaN,NaN,147.38069
19.0,10.0,NaN,NaN,NaN,22.674011,NaN,74.59095,NaN,68.124756,98.32415,64.905365,NaN,NaN,NaN,NaN,NaN,154.54726
19.0,11.0,NaN,NaN,NaN,36.789665,NaN,66.61531,NaN,67.9347,103.66849,65.458885,62.15418,NaN,NaN,NaN,NaN,159.88351
19.0,12.0,NaN,NaN,NaN,51.456696,NaN,66.12135,NaN,60.716923,112.24347,NaN,62.49377,NaN,NaN,NaN,NaN,163.85849
19.0,13.0,NaN,NaN,NaN,52.944603,NaN,77.22418,NaN,NaN,99.71649,64.73142,54.097572,NaN,46.806587,NaN,NaN,NaN
19.0,14.0,NaN,NaN,NaN,52.59597,NaN,85.63757,NaN,59.615517,102.259834,61.639248,53.715786,NaN,46.806927,NaN,NaN,NaN
19.0,15.0,NaN,NaN,NaN,52.626545,NaN,87.039856,NaN,59.581482,NaN,NaN,52.78523,NaN,NaN,NaN,NaN,NaN
19.0,16.0,NaN,NaN,NaN,55.063572,NaN,88.79671,NaN,NaN,NaN,NaN,58.7602,NaN,NaN,NaN,NaN,NaN
19.0,17.0,NaN,NaN,NaN,50.414562,NaN,86.04029,NaN,NaN,NaN,NaN,NaN,NaN,NaN,NaN,NaN,NaN
19.0,18.0,NaN,NaN,NaN,53.99249,NaN,89.85366,NaN,NaN,NaN,NaN,NaN,NaN,NaN,NaN,NaN,NaN
19.0,19.0,NaN,NaN,NaN,58.370598,NaN,169.79182,NaN,NaN,NaN,NaN,NaN,NaN,NaN,NaN,NaN,NaN
19.0,20.0,NaN,NaN,NaN,NaN,NaN,165.18321,NaN,NaN,NaN,NaN,NaN,NaN,NaN,NaN,NaN,NaN
19.0,21.0,NaN,NaN,NaN,NaN,NaN,157.50894,NaN,NaN,NaN,NaN,NaN,NaN,NaN,NaN,NaN,NaN
19.0,22.0,NaN,NaN,NaN,NaN,NaN,148.23013,NaN,NaN,NaN,NaN,NaN,NaN,NaN,NaN,NaN,NaN
19.0,23.0,NaN,NaN,NaN,NaN,NaN,140.98839,NaN,NaN,NaN,NaN,NaN,NaN,NaN,NaN,NaN,NaN
19.0,24.0,NaN,NaN,NaN,NaN,NaN,NaN,NaN,NaN,NaN,NaN,NaN,NaN,NaN,NaN,NaN,NaN
19.0,25.0,NaN,NaN,NaN,NaN,NaN,NaN,NaN,NaN,NaN,NaN,NaN,NaN,NaN,NaN,NaN,NaN
20.0,0.0,13.995659,2.6646767,2.4929836,1.6277591,2.6393397,2.827484,2.8051536,4.4059825,5.0410175,1.7135441,1.2723368,7.436007,1.2425461,3.0418963,2.1704004,21.529104
20.0,1.0,27.608576,6.702304,9.8185425,10.365056,3.4194965,21.72498,25.776144,11.8073225,29.693836,28.997356,26.00578,12.066829,3.5696034,5.323025,9.423655,44.681858
20.0,2.0,46.090256,9.483859,5.2253838,14.767139,8.636071,35.215176,36.210926,12.194587,34.88208,35.626045,27.871637,16.518126,23.211857,NaN,NaN,64.08856
20.0,3.0,57.125645,56.14464,33.543976,14.554274,NaN,45.17491,39.03149,50.483738,65.939,38.184784,39.30066,20.786781,24.826351,NaN,NaN,81.57099
20.0,4.0,64.75828,55.582127,NaN,18.555124,NaN,56.007782,NaN,61.185703,82.01928,49.76419,50.401558,26.23746,NaN,NaN,NaN,96.61169
20.0,5.0,76.19432,61.100914,NaN,23.84248,NaN,48.489433,NaN,NaN,95.00803,51.197723,NaN,26.395685,NaN,NaN,NaN,109.3052
20.0,6.0,85.08021,73.8871,NaN,27.206549,NaN,62.41306,NaN,60.536278,99.88219,NaN,67.06679,NaN,45.944138,NaN,NaN,121.10484
20.0,7.0,95.02909,80.051865,NaN,23.149015,NaN,66.24701,NaN,63.24549,92.670525,NaN,60.477924,38.947098,46.024822,NaN,NaN,130.95572
20.0,8.0,102.54798,82.24018,NaN,22.43169,NaN,68.24957,NaN,63.94309,103.75486,56.855007,61.244476,39.276787,NaN,NaN,NaN,139.87245
20.0,9.0,107.65146,NaN,NaN,43.113167,NaN,50.59743,NaN,62.854656,96.35889,57.493805,48.903034,NaN,NaN,NaN,NaN,147.79099
20.0,10.0,NaN,NaN,NaN,27.525349,NaN,65.44826,NaN,67.50029,94.78512,NaN,49.399315,NaN,NaN,NaN,NaN,153.99959
20.0,11.0,NaN,NaN,NaN,40.315002,NaN,76.644905,NaN,68.34161,100.18726,65.90974,NaN,NaN,NaN,NaN,NaN,159.75493
20.0,12.0,NaN,NaN,NaN,36.737587,NaN,68.61422,NaN,68.212395,105.27148,66.3186,62.722282,NaN,NaN,NaN,NaN,165.2786
20.0,13.0,NaN,NaN,NaN,50.852764,NaN,67.76571,NaN,60.97606,113.384254,NaN,62.919163,NaN,NaN,NaN,NaN,NaN
20.0,14.0,NaN,NaN,NaN,52.980297,NaN,78.68455,NaN,NaN,100.557594,65.36689,54.400826,NaN,46.807114,NaN,NaN,NaN
20.0,15.0,NaN,NaN,NaN,52.60706,NaN,87.616196,NaN,59.690327,NaN,NaN,54.1616,NaN,NaN,NaN,NaN,NaN
20.0,16.0,NaN,NaN,NaN,52.619812,NaN,87.956894,NaN,59.63015,NaN,NaN,62.6856,NaN,NaN,NaN,NaN,NaN
20.0,17.0,NaN,NaN,NaN,60.618565,NaN,89.86389,NaN,NaN,NaN,NaN,NaN,NaN,NaN,NaN,NaN,NaN
20.0,18.0,NaN,NaN,NaN,54.034496,NaN,86.800995,NaN,NaN,NaN,NaN,NaN,NaN,NaN,NaN,NaN,NaN
20.0,19.0,NaN,NaN,NaN,53.867172,NaN,90.72446,NaN,NaN,NaN,NaN,NaN,NaN,NaN,NaN,NaN,NaN
20.0,20.0,NaN,NaN,NaN,NaN,NaN,170.66782,NaN,NaN,NaN,NaN,NaN,NaN,NaN,NaN,NaN,NaN
20.0,21.0,NaN,NaN,NaN,NaN,NaN,165.95744,NaN,NaN,NaN,NaN,NaN,NaN,NaN,NaN,NaN,NaN
20.0,22.0,NaN,NaN,NaN,NaN,NaN,157.7962,NaN,NaN,NaN,NaN,NaN,NaN,NaN,NaN,NaN,NaN
20.0,23.0,NaN,NaN,NaN,NaN,NaN,149.13602,NaN,NaN,NaN,NaN,NaN,NaN,NaN,NaN,NaN,NaN
20.0,24.0,NaN,NaN,NaN,NaN,NaN,NaN,NaN,NaN,NaN,NaN,NaN,NaN,NaN,NaN,NaN,NaN
20.0,25.0,NaN,NaN,NaN,NaN,NaN,NaN,NaN,NaN,NaN,NaN,NaN,NaN,NaN,NaN,NaN,NaN
