"Distribution of cumulative catch (number of fish per time step of saving) by Size class (cm). Class i designates interval [i,i+1[."
"Time","Size","lesserSpottedDogfish","redMullet","pouting","whiting","poorCod","cod","dragonet","sole","plaice","horseMackerel","mackerel","herring","sardine","squids","cuttlefish","thornbackRay"
1.0,0.0,0.0,6.4796924E7,1.4119482E9,2.4012196E9,0.0,1.2118675E7,0.0,1.397132E8,1.3038152E9,1.3479042E10,1.943159E9,3.4795786E9,2.4701538E10,4.7490458E10,2.9695284E7,0.0
1.0,6.0,1.0106829E7,22081.443,1.1184648E9,4.9921336E9,0.0,2.20878E7,0.0,1.720715E7,4.605218E7,4.1611228E7,2.80299E8,1.2088558E10,5.8853256E7,9.696424E7,941.99945,0.0
1.0,12.0,3832999.8,1889059.9,2.049499E8,1.5688184E9,0.0,1.3637377E7,0.0,222.30998,6099552.0,1.5566048E8,2977063.5,7.041431E7,1.4533534E8,1.9540762E8,4.99062,155813.73
1.0,18.0,5032083.5,1446373.9,1.3644891E8,9.3366765E8,0.0,42681.117,0.0,7745935.5,572008.8,1.6745032E8,1.188976E7,7.984943E7,1.9576966E8,3.3281187E8,3252940.0,168891.0
1.0,24.0,7337755.0,819947.8,5.2416664E7,4.3819244E7,0.0,67540.17,0.0,5165043.5,3125873.5,5.9353976E7,2.6956916E7,8.641629E7,1.22425096E8,3.5029744E8,6452062.0,157519.67
1.0,30.0,7824128.0,864260.6,1.1744375E7,3.8840372E7,0.0,86881.445,0.0,2737358.5,1704716.4,4.537258E7,1.802613E7,0.0,0.0,2.2055243E8,2.406242,168308.19
1.0,36.0,6366844.0,421485.7,5.471808,3.426002E7,0.0,65596.695,0.0,1218240.4,503275.28,1.0010587E7,6223463.0,0.0,0.0,1.7242538E8,0.0,117818.16
1.0,42.0,6568490.5,405738.25,0.0,29.229956,0.0,50708.246,0.0,0.0,432756.12,0.0,1.541107,0.0,0.0,3.2236794E7,0.0,99268.26
1.0,48.0,6323588.5,0.0,0.0,8.122947,0.0,32075.314,0.0,0.0,338834.22,0.0,0.0,0.0,0.0,1.167403E7,0.0,90986.67
1.0,54.0,6334106.0,0.0,0.0,0.0,0.0,27275.68,0.0,0.0,255941.2,0.0,0.0,0.0,0.0,189888.67,0.0,85202.484
1.0,60.0,5397492.0,0.0,0.0,0.0,0.0,18929.338,0.0,0.0,269408.53,0.0,0.0,0.0,0.0,57922.285,0.0,83884.54
1.0,66.0,0.0,0.0,0.0,0.0,0.0,14073.862,0.0,0.0,212160.34,0.0,0.0,0.0,0.0,78285.68,0.0,87765.31
1.0,72.0,0.0,0.0,0.0,0.0,0.0,11078.935,0.0,0.0,0.0,0.0,0.0,0.0,0.0,132317.98,0.0,86225.34
1.0,78.0,0.0,0.0,0.0,0.0,0.0,9015.316,0.0,0.0,0.0,0.0,0.0,0.0,0.0,19280.559,0.0,97246.22
1.0,84.0,0.0,0.0,0.0,0.0,0.0,8597.348,0.0,0.0,0.0,0.0,0.0,0.0,0.0,0.0,0.0,110698.305
1.0,90.0,0.0,0.0,0.0,0.0,0.0,7938.91,0.0,0.0,0.0,0.0,0.0,0.0,0.0,0.0,0.0,138299.56
1.0,96.0,0.0,0.0,0.0,0.0,0.0,9525.465,0.0,0.0,0.0,0.0,0.0,0.0,0.0,0.0,0.0,27724.832
1.0,102.0,0.0,0.0,0.0,0.0,0.0,2978.6897,0.0,0.0,0.0,0.0,0.0,0.0,0.0,0.0,0.0,0.0
1.0,108.0,0.0,0.0,0.0,0.0,0.0,0.0,0.0,0.0,0.0,0.0,0.0,0.0,0.0,0.0,0.0,0.0
1.0,114.0,0.0,0.0,0.0,0.0,0.0,0.0,0.0,0.0,0.0,0.0,0.0,0.0,0.0,0.0,0.0,0.0
1.0,120.0,0.0,0.0,0.0,0.0,0.0,0.0,0.0,0.0,0.0,0.0,0.0,0.0,0.0,0.0,0.0,0.0
1.0,126.0,0.0,0.0,0.0,0.0,0.0,0.0,0.0,0.0,0.0,0.0,0.0,0.0,0.0,0.0,0.0,0.0
1.0,132.0,0.0,0.0,0.0,0.0,0.0,0.0,0.0,0.0,0.0,0.0,0.0,0.0,0.0,0.0,0.0,0.0
1.0,138.0,0.0,0.0,0.0,0.0,0.0,0.0,0.0,0.0,0.0,0.0,0.0,0.0,0.0,0.0,0.0,0.0
1.0,144.0,0.0,0.0,0.0,0.0,0.0,0.0,0.0,0.0,0.0,0.0,0.0,0.0,0.0,0.0,0.0,0.0
1.0,150.0,0.0,0.0,0.0,0.0,0.0,0.0,0.0,0.0,0.0,0.0,0.0,0.0,0.0,0.0,0.0,0.0
1.0,156.0,0.0,0.0,0.0,0.0,0.0,0.0,0.0,0.0,0.0,0.0,0.0,0.0,0.0,0.0,0.0,0.0
1.0,162.0,0.0,0.0,0.0,0.0,0.0,0.0,0.0,0.0,0.0,0.0,0.0,0.0,0.0,0.0,0.0,0.0
1.0,168.0,0.0,0.0,0.0,0.0,0.0,0.0,0.0,0.0,0.0,0.0,0.0,0.0,0.0,0.0,0.0,0.0
1.0,174.0,0.0,0.0,0.0,0.0,0.0,0.0,0.0,0.0,0.0,0.0,0.0,0.0,0.0,0.0,0.0,0.0
1.0,180.0,0.0,0.0,0.0,0.0,0.0,0.0,0.0,0.0,0.0,0.0,0.0,0.0,0.0,0.0,0.0,0.0
1.0,186.0,0.0,0.0,0.0,0.0,0.0,0.0,0.0,0.0,0.0,0.0,0.0,0.0,0.0,0.0,0.0,0.0
1.0,192.0,0.0,0.0,0.0,0.0,0.0,0.0,0.0,0.0,0.0,0.0,0.0,0.0,0.0,0.0,0.0,0.0
1.0,198.0,0.0,0.0,0.0,0.0,0.0,0.0,0.0,0.0,0.0,0.0,0.0,0.0,0.0,0.0,0.0,0.0
1.0,204.0,0.0,0.0,0.0,0.0,0.0,0.0,0.0,0.0,0.0,0.0,0.0,0.0,0.0,0.0,0.0,0.0
2.0,0.0,0.0,5.6686264E7,3.4506301E9,9.881785E10,0.0,2.3266386E7,0.0,9.222297E7,1.9691952E8,5.6068536E9,1.5974687E9,1.2518017E9,4.859867E9,1.5855013E11,2796686.2,0.0
2.0,6.0,9429017.0,39225.082,3.439283E9,1.58801E10,0.0,1.885015E7,0.0,1.9527902E7,6.2039108E7,1.8437976E7,5.4380314E8,2.1689745E10,1537519.0,3.274479E9,7633191.5,0.0
2.0,12.0,5219896.5,71769.195,1.1188458E9,3.10209E10,0.0,2.5388482E8,0.0,1133.4237,1.8252472E7,4.4179828E7,1.3850168E9,5.2382884E9,2.9669734E7,1.843141E10,1661.8798,233654.02
2.0,18.0,4351832.0,277373.53,3.3481184E8,1.5826621E10,0.0,4.817061E8,0.0,2320131.0,1328896.6,1.042963E8,1.0827726E9,5.679005E7,4.287948E7,2.6628936E10,7348.86,506806.22
2.0,24.0,2149591.8,393415.06,1.1444268E8,1.7970688E9,0.0,4.097401E7,0.0,2182205.8,1127800.5,4.4744144E7,4298359.5,5.543318E7,2.144347E7,5.498171E9,3680.8328,521860.2
2.0,30.0,3524285.5,340755.44,1.3686226E7,1.7397611E8,0.0,8275.313,0.0,1509649.5,1617193.9,2.7977268E7,1.5382937E7,0.0,5.121627,3.828411E8,8.619934,416897.47
2.0,36.0,4233708.5,217366.16,60804.125,8.75751E7,0.0,2039.6014,0.0,749703.7,907633.94,6219925.5,1.0953672E7,0.0,0.0,3.463129E8,0.6987031,196747.52
2.0,42.0,4054590.2,145055.67,3461.3762,2.0459962E7,0.0,14682.734,0.0,1.7196132,231412.64,0.0,252455.78,0.0,0.0,2.5271664E8,0.0,66723.766
2.0,48.0,3659144.5,0.0,386.9863,247907.47,0.0,36583.47,0.0,0.0,207573.36,0.0,4.6382546,0.0,0.0,1.0690308E8,0.0,69098.58
2.0,54.0,3888638.5,0.0,0.0,366.33478,0.0,45975.484,0.0,0.0,169776.81,0.0,0.0,0.0,0.0,4.7961824E7,0.0,63879.59
2.0,60.0,3833263.2,0.0,0.0,12.038102,0.0,48103.223,0.0,0.0,200262.5,0.0,0.0,0.0,0.0,8297409.0,0.0,49717.62
2.0,66.0,177007.1,0.0,0.0,0.0,0.0,36146.79,0.0,0.0,154346.42,0.0,0.0,0.0,0.0,3830.41,0.0,45700.55
2.0,72.0,0.0,0.0,0.0,0.0,0.0,27163.027,0.0,0.0,0.0,0.0,0.0,0.0,0.0,3847.7056,0.0,43992.17
2.0,78.0,0.0,0.0,0.0,0.0,0.0,17118.36,0.0,0.0,0.0,0.0,0.0,0.0,0.0,144613.92,0.0,49027.99
2.0,84.0,0.0,0.0,0.0,0.0,0.0,11430.1455,0.0,0.0,0.0,0.0,0.0,0.0,0.0,121097.77,0.0,50183.387
2.0,90.0,0.0,0.0,0.0,0.0,0.0,8907.507,0.0,0.0,0.0,0.0,0.0,0.0,0.0,0.0,0.0,64259.062
2.0,96.0,0.0,0.0,0.0,0.0,0.0,8681.5625,0.0,0.0,0.0,0.0,0.0,0.0,0.0,0.0,0.0,34638.652
2.0,102.0,0.0,0.0,0.0,0.0,0.0,3076.4172,0.0,0.0,0.0,0.0,0.0,0.0,0.0,0.0,0.0,0.0
2.0,108.0,0.0,0.0,0.0,0.0,0.0,0.0,0.0,0.0,0.0,0.0,0.0,0.0,0.0,0.0,0.0,0.0
2.0,114.0,0.0,0.0,0.0,0.0,0.0,0.0,0.0,0.0,0.0,0.0,0.0,0.0,0.0,0.0,0.0,0.0
2.0,120.0,0.0,0.0,0.0,0.0,0.0,0.0,0.0,0.0,0.0,0.0,0.0,0.0,0.0,0.0,0.0,0.0
2.0,126.0,0.0,0.0,0.0,0.0,0.0,0.0,0.0,0.0,0.0,0.0,0.0,0.0,0.0,0.0,0.0,0.0
2.0,132.0,0.0,0.0,0.0,0.0,0.0,0.0,0.0,0.0,0.0,0.0,0.0,0.0,0.0,0.0,0.0,0.0
2.0,138.0,0.0,0.0,0.0,0.0,0.0,0.0,0.0,0.0,0.0,0.0,0.0,0.0,0.0,0.0,0.0,0.0
2.0,144.0,0.0,0.0,0.0,0.0,0.0,0.0,0.0,0.0,0.0,0.0,0.0,0.0,0.0,0.0,0.0,0.0
2.0,150.0,0.0,0.0,0.0,0.0,0.0,0.0,0.0,0.0,0.0,0.0,0.0,0.0,0.0,0.0,0.0,0.0
2.0,156.0,0.0,0.0,0.0,0.0,0.0,0.0,0.0,0.0,0.0,0.0,0.0,0.0,0.0,0.0,0.0,0.0
2.0,162.0,0.0,0.0,0.0,0.0,0.0,0.0,0.0,0.0,0.0,0.0,0.0,0.0,0.0,0.0,0.0,0.0
2.0,168.0,0.0,0.0,0.0,0.0,0.0,0.0,0.0,0.0,0.0,0.0,0.0,0.0,0.0,0.0,0.0,0.0
2.0,174.0,0.0,0.0,0.0,0.0,0.0,0.0,0.0,0.0,0.0,0.0,0.0,0.0,0.0,0.0,0.0,0.0
2.0,180.0,0.0,0.0,0.0,0.0,0.0,0.0,0.0,0.0,0.0,0.0,0.0,0.0,0.0,0.0,0.0,0.0
2.0,186.0,0.0,0.0,0.0,0.0,0.0,0.0,0.0,0.0,0.0,0.0,0.0,0.0,0.0,0.0,0.0,0.0
2.0,192.0,0.0,0.0,0.0,0.0,0.0,0.0,0.0,0.0,0.0,0.0,0.0,0.0,0.0,0.0,0.0,0.0
2.0,198.0,0.0,0.0,0.0,0.0,0.0,0.0,0.0,0.0,0.0,0.0,0.0,0.0,0.0,0.0,0.0,0.0
2.0,204.0,0.0,0.0,0.0,0.0,0.0,0.0,0.0,0.0,0.0,0.0,0.0,0.0,0.0,0.0,0.0,0.0
3.0,0.0,0.0,2.402309E7,5.49518E9,5.64371E11,0.0,5.4004972E7,0.0,5.3362852E7,2.7766692E7,4.0100513E9,8.213633E8,5.8166694E8,2.7834406E8,1.26427E11,24283.488,0.0
3.0,6.0,7278592.5,1997946.4,2.319056E9,1.1188873E11,0.0,2.896645E7,0.0,1.8476948E7,3.4798896E7,2629325.5,5077167.5,1.330854E10,229642.5,1.612829E10,612515.44,0.0
3.0,12.0,321078.1,1784.0519,5.9639296E8,7.154332E10,0.0,5.598652E7,0.0,2101.952,8009468.5,5.551884E7,9.9468544E8,1.6548806E10,3408201.8,5.743739E10,38163.754,142709.6
3.0,18.0,1771505.8,12467.309,3.1362925E8,2.3342551E10,0.0,1.0510328E9,0.0,376112.7,7895202.0,7.633781E7,3.8702787E9,5.4178416E7,4897388.0,6.0848742E10,11364.915,457037.7
3.0,24.0,1410092.5,157069.08,2.1736501E8,8.1898363E9,0.0,5.4826445E8,0.0,665359.4,253136.83,4.403803E7,1.5418208E7,2.9317806E7,1448340.5,2.503219E10,9435.059,501986.12
3.0,30.0,374832.72,119058.305,2.4861818E7,2.9650435E9,0.0,4.6238416E7,0.0,774400.9,285732.03,1.9090696E7,5175119.0,3.635841,0.33868182,4.0434217E9,7555.673,443895.06
3.0,36.0,829666.0,127145.71,3656057.2,9.370378E7,0.0,1.7714586E7,0.0,461587.75,1066002.5,3958684.2,8587647.0,0.0,0.0,3.7424874E8,6004.3584,355573.38
3.0,42.0,2179047.2,50815.63,5025.529,4.4809616E7,0.0,14981.92,0.0,4.3031187,123250.375,0.0,1807837.5,0.0,0.0,5.3208336E7,93.83819,263526.94
3.0,48.0,2909019.5,0.0,3292.556,1.1973595E7,0.0,2784.2727,0.0,1.1254447,120138.12,0.0,10595.503,0.0,0.0,3.5705108E7,0.0,203589.84
3.0,54.0,2515578.0,0.0,825.3182,352960.28,0.0,0.22693282,0.0,0.0,103711.86,0.0,1.8065603,0.0,0.0,1.3801033E7,0.0,107021.805
3.0,60.0,2458428.5,0.0,0.0,32096.99,0.0,735.04767,0.0,0.0,132659.73,0.0,0.0,0.0,0.0,9198355.0,0.0,36266.94
3.0,66.0,768417.56,0.0,0.0,137.25406,0.0,16335.365,0.0,0.0,128476.2,0.0,0.0,0.0,0.0,1525036.8,0.0,35147.074
3.0,72.0,0.0,0.0,0.0,0.0,0.0,27500.986,0.0,0.0,0.0,0.0,0.0,0.0,0.0,488.0171,0.0,32214.148
3.0,78.0,0.0,0.0,0.0,0.0,0.0,38863.965,0.0,0.0,0.0,0.0,0.0,0.0,0.0,0.0,0.0,25913.354
3.0,84.0,0.0,0.0,0.0,0.0,0.0,38183.402,0.0,0.0,0.0,0.0,0.0,0.0,0.0,0.0,0.0,26720.049
3.0,90.0,0.0,0.0,0.0,0.0,0.0,24078.334,0.0,0.0,0.0,0.0,0.0,0.0,0.0,0.0,0.0,29755.002
3.0,96.0,0.0,0.0,0.0,0.0,0.0,13064.814,0.0,0.0,0.0,0.0,0.0,0.0,0.0,0.0,0.0,32442.611
3.0,102.0,0.0,0.0,0.0,0.0,0.0,3916.764,0.0,0.0,0.0,0.0,0.0,0.0,0.0,0.0,0.0,23.870249
3.0,108.0,0.0,0.0,0.0,0.0,0.0,0.0,0.0,0.0,0.0,0.0,0.0,0.0,0.0,0.0,0.0,0.0
3.0,114.0,0.0,0.0,0.0,0.0,0.0,0.0,0.0,0.0,0.0,0.0,0.0,0.0,0.0,0.0,0.0,0.0
3.0,120.0,0.0,0.0,0.0,0.0,0.0,0.0,0.0,0.0,0.0,0.0,0.0,0.0,0.0,0.0,0.0,0.0
3.0,126.0,0.0,0.0,0.0,0.0,0.0,0.0,0.0,0.0,0.0,0.0,0.0,0.0,0.0,0.0,0.0,0.0
3.0,132.0,0.0,0.0,0.0,0.0,0.0,0.0,0.0,0.0,0.0,0.0,0.0,0.0,0.0,0.0,0.0,0.0
3.0,138.0,0.0,0.0,0.0,0.0,0.0,0.0,0.0,0.0,0.0,0.0,0.0,0.0,0.0,0.0,0.0,0.0
3.0,144.0,0.0,0.0,0.0,0.0,0.0,0.0,0.0,0.0,0.0,0.0,0.0,0.0,0.0,0.0,0.0,0.0
3.0,150.0,0.0,0.0,0.0,0.0,0.0,0.0,0.0,0.0,0.0,0.0,0.0,0.0,0.0,0.0,0.0,0.0
3.0,156.0,0.0,0.0,0.0,0.0,0.0,0.0,0.0,0.0,0.0,0.0,0.0,0.0,0.0,0.0,0.0,0.0
3.0,162.0,0.0,0.0,0.0,0.0,0.0,0.0,0.0,0.0,0.0,0.0,0.0,0.0,0.0,0.0,0.0,0.0
3.0,168.0,0.0,0.0,0.0,0.0,0.0,0.0,0.0,0.0,0.0,0.0,0.0,0.0,0.0,0.0,0.0,0.0
3.0,174.0,0.0,0.0,0.0,0.0,0.0,0.0,0.0,0.0,0.0,0.0,0.0,0.0,0.0,0.0,0.0,0.0
3.0,180.0,0.0,0.0,0.0,0.0,0.0,0.0,0.0,0.0,0.0,0.0,0.0,0.0,0.0,0.0,0.0,0.0
3.0,186.0,0.0,0.0,0.0,0.0,0.0,0.0,0.0,0.0,0.0,0.0,0.0,0.0,0.0,0.0,0.0,0.0
3.0,192.0,0.0,0.0,0.0,0.0,0.0,0.0,0.0,0.0,0.0,0.0,0.0,0.0,0.0,0.0,0.0,0.0
3.0,198.0,0.0,0.0,0.0,0.0,0.0,0.0,0.0,0.0,0.0,0.0,0.0,0.0,0.0,0.0,0.0,0.0
3.0,204.0,0.0,0.0,0.0,0.0,0.0,0.0,0.0,0.0,0.0,0.0,0.0,0.0,0.0,0.0,0.0,0.0
4.0,0.0,0.0,6570288.5,1.555771E10,7.706488E11,0.0,8.592095E7,0.0,2.8827126E7,1.8917088E7,2.9705836E9,6.974305E8,3.5606298E8,4.8143092E7,1.2109105E12,186384.64,0.0
4.0,6.0,6801591.5,169018.78,7.8997765E9,2.6566545E11,0.0,6.7245016E7,0.0,2.9981054E7,7.010386E7,879248.94,6.8025256E7,3.473339E9,5547108.0,5.974804E9,13546.728,0.0
4.0,12.0,839462.56,2017.4293,6.2030854E8,1.9993693E11,0.0,1.9126555E8,0.0,16301.015,3536345.0,6785638.0,3.532517E8,1.9448627E10,741143.5,8.356481E10,36784.1,89388.23
4.0,18.0,495123.8,229.34367,1.5977634E8,6.933036E10,0.0,3.8493156E7,0.0,47223.8,4529585.0,1.2316793E8,2.0828128E9,7.556254E8,1177264.8,1.16543046E11,80620.97,240528.38
4.0,24.0,308647.0,21754.799,1.7577358E8,7.9889587E9,0.0,5.904428E8,0.0,159139.53,20598.156,4.3105376E7,4.2181164E7,1.772139E7,303426.56,2.0973668E10,148352.5,254214.92
4.0,30.0,834944.2,47704.402,9.706399E7,4.5601024E9,0.0,4.8234045E8,0.0,371266.28,160889.36,1.5153398E7,3787974.5,2.8040428,18.761019,1.8652496E10,18598.428,218660.6
4.0,36.0,391743.53,61648.28,1.5243148E7,1.2929399E9,0.0,6.3579324E7,0.0,259981.31,487122.5,2802539.8,4415132.5,0.0,1.7258393,4.482228E9,7683.4873,260737.02
4.0,42.0,128669.97,19947.625,8516.266,5.156599E7,0.0,1.2932731E7,0.0,4.4154687,106089.01,0.0,2589766.8,0.0,0.0,7.4713574E8,2510.4883,238957.22
4.0,48.0,871082.7,0.0,2598.3474,1.8797358E7,0.0,1.0778406E7,0.0,3.4596531,89030.9,0.0,281579.12,0.0,0.0,2.894283E7,0.0,194851.28
4.0,54.0,1940968.2,0.0,1326.34,940406.06,0.0,16257.287,0.0,0.5263034,60612.395,0.0,8.21473,0.0,0.0,4.6349132E7,0.0,171728.97
4.0,60.0,1824557.6,0.0,508.9282,147443.11,0.0,14118.694,0.0,0.0,81065.016,0.0,0.0,0.0,0.0,2.421384E7,0.0,123208.57
4.0,66.0,967615.5,0.0,0.0,588.23956,0.0,8939.903,0.0,0.0,95387.87,0.0,0.0,0.0,0.0,2.3252352E7,0.0,85479.98
4.0,72.0,11258.404,0.0,0.0,72.12988,0.0,0.18477057,0.0,0.0,298.27835,0.0,0.0,0.0,0.0,4.05563,0.0,40461.047
4.0,78.0,0.0,0.0,0.0,0.0,0.0,0.16140707,0.0,0.0,0.76434207,0.0,0.0,0.0,0.0,1.1378392,0.0,17490.719
4.0,84.0,0.0,0.0,0.0,0.0,0.0,5253.204,0.0,0.0,0.0,0.0,0.0,0.0,0.0,0.0,0.0,18604.598
4.0,90.0,0.0,0.0,0.0,0.0,0.0,29162.676,0.0,0.0,0.0,0.0,0.0,0.0,0.0,0.0,0.0,17781.18
4.0,96.0,0.0,0.0,0.0,0.0,0.0,38013.52,0.0,0.0,0.0,0.0,0.0,0.0,0.0,0.0,0.0,20606.883
4.0,102.0,0.0,0.0,0.0,0.0,0.0,28817.977,0.0,0.0,0.0,0.0,0.0,0.0,0.0,0.0,0.0,6278.7466
4.0,108.0,0.0,0.0,0.0,0.0,0.0,290.68912,0.0,0.0,0.0,0.0,0.0,0.0,0.0,0.0,0.0,0.0
4.0,114.0,0.0,0.0,0.0,0.0,0.0,0.0,0.0,0.0,0.0,0.0,0.0,0.0,0.0,0.0,0.0,0.0
4.0,120.0,0.0,0.0,0.0,0.0,0.0,0.0,0.0,0.0,0.0,0.0,0.0,0.0,0.0,0.0,0.0,0.0
4.0,126.0,0.0,0.0,0.0,0.0,0.0,0.0,0.0,0.0,0.0,0.0,0.0,0.0,0.0,0.0,0.0,0.0
4.0,132.0,0.0,0.0,0.0,0.0,0.0,0.0,0.0,0.0,0.0,0.0,0.0,0.0,0.0,0.0,0.0,0.0
4.0,138.0,0.0,0.0,0.0,0.0,0.0,0.0,0.0,0.0,0.0,0.0,0.0,0.0,0.0,0.0,0.0,0.0
4.0,144.0,0.0,0.0,0.0,0.0,0.0,0.0,0.0,0.0,0.0,0.0,0.0,0.0,0.0,0.0,0.0,0.0
4.0,150.0,0.0,0.0,0.0,0.0,0.0,0.0,0.0,0.0,0.0,0.0,0.0,0.0,0.0,0.0,0.0,0.0
4.0,156.0,0.0,0.0,0.0,0.0,0.0,0.0,0.0,0.0,0.0,0.0,0.0,0.0,0.0,0.0,0.0,0.0
4.0,162.0,0.0,0.0,0.0,0.0,0.0,0.0,0.0,0.0,0.0,0.0,0.0,0.0,0.0,0.0,0.0,0.0
4.0,168.0,0.0,0.0,0.0,0.0,0.0,0.0,0.0,0.0,0.0,0.0,0.0,0.0,0.0,0.0,0.0,0.0
4.0,174.0,0.0,0.0,0.0,0.0,0.0,0.0,0.0,0.0,0.0,0.0,0.0,0.0,0.0,0.0,0.0,0.0
4.0,180.0,0.0,0.0,0.0,0.0,0.0,0.0,0.0,0.0,0.0,0.0,0.0,0.0,0.0,0.0,0.0,0.0
4.0,186.0,0.0,0.0,0.0,0.0,0.0,0.0,0.0,0.0,0.0,0.0,0.0,0.0,0.0,0.0,0.0,0.0
4.0,192.0,0.0,0.0,0.0,0.0,0.0,0.0,0.0,0.0,0.0,0.0,0.0,0.0,0.0,0.0,0.0,0.0
4.0,198.0,0.0,0.0,0.0,0.0,0.0,0.0,0.0,0.0,0.0,0.0,0.0,0.0,0.0,0.0,0.0,0.0
4.0,204.0,0.0,0.0,0.0,0.0,0.0,0.0,0.0,0.0,0.0,0.0,0.0,0.0,0.0,0.0,0.0,0.0
5.0,0.0,0.0,2892735.8,8.776175E9,3.3425177E12,0.0,1.3301794E8,0.0,1.1352913E7,1.3972993E7,4.2493844E9,1.4814628E9,1.660017E8,2.4354154E7,3.0636696E12,912583.75,0.0
5.0,6.0,5785373.0,179537.94,7.5620634E9,6.64338E11,0.0,3.5615136E7,0.0,1.557563E7,8.7055896E7,2.2447576E8,5.0195536E7,8.173138E8,1488102.4,8.734942E10,24071.906,0.0
5.0,12.0,1151731.4,4168.2573,8.1644237E9,7.3943574E11,0.0,1.7853773E8,0.0,10163.107,6804977.0,5.87196E7,2.6550478E7,1.5762478E10,359576.84,3.7126944E11,96953.586,110952.48
5.0,18.0,1258960.9,2090.3826,1.1520264E9,1.7895855E11,0.0,9.0392824E7,0.0,5198.486,1610815.9,4.955181E7,8.841092E8,1.8363739E9,563801.9,5.384892E11,320742.4,197820.88
5.0,24.0,283637.53,1072.6663,6.4824896E8,3.0482393E10,0.0,1.14559336E8,0.0,37485.64,87627.37,2.761404E7,3.725448E7,1.2668918E7,51164.336,8.932331E10,228536.61,189141.27
5.0,30.0,211061.69,13656.4,3.1808822E7,4.7264297E9,0.0,4.38069E7,0.0,168733.55,48405.4,1.730175E7,2.6855454E7,0.0,2315.7307,6.5193907E9,39083.664,158758.22
5.0,36.0,95216.48,26243.549,3.3032422E7,5.726053E9,0.0,3.9242464E8,0.0,135800.27,245715.52,3186692.5,2637020.0,0.0,2.9374774,8.944309E9,72621.47,144036.16
5.0,42.0,246803.53,8289.875,4709444.0,6.221205E7,0.0,5.096848E7,0.0,8.648667,83046.414,6.5488443,1790055.9,0.0,0.0,9.67462E8,33808.047,128270.22
5.0,48.0,143112.94,0.0,3748.8052,2.2636164E7,0.0,9625157.0,0.0,1.7966602,33867.867,0.0,834393.0,0.0,0.0,6355828.5,0.0,98335.016
5.0,54.0,198663.88,0.0,331.0886,1228612.6,0.0,1.2333814E7,0.0,2.4314399,47118.734,0.0,1243.4622,0.0,0.0,587.8186,0.0,112987.07
5.0,60.0,1119267.6,0.0,262.81824,191552.2,0.0,143567.08,0.0,0.0,49627.344,0.0,1.9993175,0.0,0.0,4646855.0,0.0,110631.625
5.0,66.0,1254130.6,0.0,0.0,42730.42,0.0,4959.6353,0.0,0.0,72507.29,0.0,0.0,0.0,0.0,1083004.0,0.0,91010.85
5.0,72.0,188333.1,0.0,0.0,260.89743,0.0,22181.854,0.0,0.0,6254.865,0.0,0.0,0.0,0.0,0.87533426,0.0,76471.086
5.0,78.0,0.07062776,0.0,0.0,0.0,0.0,4083.034,0.0,0.0,34.51034,0.0,0.0,0.0,0.0,0.23515823,0.0,52824.05
5.0,84.0,0.0,0.0,0.0,0.0,0.0,0.18168098,0.0,0.0,5.4024897,0.0,0.0,0.0,0.0,0.0,0.0,31531.361
5.0,90.0,0.0,0.0,0.0,0.0,0.0,0.13676189,0.0,0.0,0.030243378,0.0,0.0,0.0,0.0,0.0,0.0,12243.145
5.0,96.0,0.0,0.0,0.0,0.0,0.0,413.101,0.0,0.0,0.0,0.0,0.0,0.0,0.0,0.0,0.0,11453.296
5.0,102.0,0.0,0.0,0.0,0.0,0.0,20013.684,0.0,0.0,0.0,0.0,0.0,0.0,0.0,0.0,0.0,14430.452
5.0,108.0,0.0,0.0,0.0,0.0,0.0,32827.188,0.0,0.0,0.0,0.0,0.0,0.0,0.0,0.0,0.0,189.82802
5.0,114.0,0.0,0.0,0.0,0.0,0.0,9977.246,0.0,0.0,0.0,0.0,0.0,0.0,0.0,0.0,0.0,0.0
5.0,120.0,0.0,0.0,0.0,0.0,0.0,29.521791,0.0,0.0,0.0,0.0,0.0,0.0,0.0,0.0,0.0,0.0
5.0,126.0,0.0,0.0,0.0,0.0,0.0,0.0,0.0,0.0,0.0,0.0,0.0,0.0,0.0,0.0,0.0,0.0
5.0,132.0,0.0,0.0,0.0,0.0,0.0,0.0,0.0,0.0,0.0,0.0,0.0,0.0,0.0,0.0,0.0,0.0
5.0,138.0,0.0,0.0,0.0,0.0,0.0,0.0,0.0,0.0,0.0,0.0,0.0,0.0,0.0,0.0,0.0,0.0
5.0,144.0,0.0,0.0,0.0,0.0,0.0,0.0,0.0,0.0,0.0,0.0,0.0,0.0,0.0,0.0,0.0,0.0
5.0,150.0,0.0,0.0,0.0,0.0,0.0,0.0,0.0,0.0,0.0,0.0,0.0,0.0,0.0,0.0,0.0,0.0
5.0,156.0,0.0,0.0,0.0,0.0,0.0,0.0,0.0,0.0,0.0,0.0,0.0,0.0,0.0,0.0,0.0,0.0
5.0,162.0,0.0,0.0,0.0,0.0,0.0,0.0,0.0,0.0,0.0,0.0,0.0,0.0,0.0,0.0,0.0,0.0
5.0,168.0,0.0,0.0,0.0,0.0,0.0,0.0,0.0,0.0,0.0,0.0,0.0,0.0,0.0,0.0,0.0,0.0
5.0,174.0,0.0,0.0,0.0,0.0,0.0,0.0,0.0,0.0,0.0,0.0,0.0,0.0,0.0,0.0,0.0,0.0
5.0,180.0,0.0,0.0,0.0,0.0,0.0,0.0,0.0,0.0,0.0,0.0,0.0,0.0,0.0,0.0,0.0,0.0
5.0,186.0,0.0,0.0,0.0,0.0,0.0,0.0,0.0,0.0,0.0,0.0,0.0,0.0,0.0,0.0,0.0,0.0
5.0,192.0,0.0,0.0,0.0,0.0,0.0,0.0,0.0,0.0,0.0,0.0,0.0,0.0,0.0,0.0,0.0,0.0
5.0,198.0,0.0,0.0,0.0,0.0,0.0,0.0,0.0,0.0,0.0,0.0,0.0,0.0,0.0,0.0,0.0,0.0
5.0,204.0,0.0,0.0,0.0,0.0,0.0,0.0,0.0,0.0,0.0,0.0,0.0,0.0,0.0,0.0,0.0,0.0
6.0,0.0,0.0,2096271.4,9.981577E10,3.7731183E12,0.0,1.5390785E9,0.0,3787055.5,1.976203E7,3.25562E9,3.842528E9,2.6889482E8,4.7802284E7,1.3899965E12,2404641.5,0.0
6.0,6.0,3746503.0,555780.3,2.5215078E10,1.1258376E12,0.0,7.93377E8,0.0,1.1167943E7,4.6101296E7,9.4778714E8,3.4005772E7,6.60625E8,5496619.5,1.05451E11,793081.75,0.0
6.0,12.0,1390658.0,912.95776,4.965715E9,1.05737644E12,0.0,5.1942523E9,0.0,5711.7163,1.1934049E8,3.7884716E7,9744391.0,7.1417165E9,1401379.5,7.927239E11,141314.34,142815.48
6.0,18.0,1216044.1,1523.1688,1.0770362E10,2.9717548E11,0.0,1.8774384E8,0.0,1227.5176,637361.7,1.6744882E8,6.2815456E8,4.8426225E9,659081.4,7.4961676E11,105218.67,301831.28
6.0,24.0,567189.4,319.18518,5.7581445E9,6.909912E10,0.0,5.680015E7,0.0,3441.2017,5131.3823,4.1922696E7,4.590751E7,8688732.0,3657.7341,3.6150428E11,83153.49,301536.12
6.0,30.0,474142.72,2234.4067,9.5946925E8,6.3639706E9,0.0,5.967065E7,0.0,71849.836,36271.96,1.2135896E7,6.4304384E7,7109.7153,3403.394,2.7035937E10,260149.27,243336.97
6.0,36.0,170448.19,11417.008,4602623.0,2.8649623E9,0.0,2.832367E7,0.0,70485.08,66020.24,3166272.0,311649.06,0.0,35.939903,1.1483228E10,153467.92,162502.03
6.0,42.0,104951.41,3501.3083,549162.1,2.1819446E9,0.0,1.3134777E8,0.0,262.3214,117982.86,21659.969,2073615.4,0.0,0.83176833,2.0038753E9,15096.808,99472.766
6.0,48.0,87827.7,3.0330546,293490.53,3.6136588E7,0.0,9.24462E7,0.0,4.4904666,33915.51,0.0,764943.06,0.0,0.0,1.5409156E9,0.0,79589.75
6.0,54.0,133177.64,0.0,1011.38947,4928150.0,0.0,2.3408174E7,0.0,0.46735185,27140.736,0.0,73879.07,0.0,0.0,1066701.2,0.0,70318.164
6.0,60.0,45878.215,0.0,14.789846,87240.66,0.0,3072273.8,0.0,0.42384788,30315.63,0.0,1.5387197,0.0,0.0,1255960.5,0.0,64595.09
6.0,66.0,547155.5,0.0,0.0,27067.135,0.0,5566.4043,0.0,0.0,46183.934,0.0,0.0,0.0,0.0,120.53825,0.0,45724.645
6.0,72.0,677201.94,0.0,0.0,156.48889,0.0,1076.787,0.0,0.0,11180.194,0.0,0.0,0.0,0.0,0.0,0.0,52246.484
6.0,78.0,47835.31,0.0,0.0,0.0,0.0,4816.005,0.0,0.0,204.08679,0.0,0.0,0.0,0.0,0.0,0.0,48091.457
6.0,84.0,1.1208625,0.0,0.0,0.0,0.0,10719.347,0.0,0.0,39.000206,0.0,0.0,0.0,0.0,0.0,0.0,40305.8
6.0,90.0,0.0,0.0,0.0,0.0,0.0,3077.3164,0.0,0.0,8.9864435,0.0,0.0,0.0,0.0,0.0,0.0,30997.32
6.0,96.0,0.0,0.0,0.0,0.0,0.0,0.8729356,0.0,0.0,0.3792063,0.0,0.0,0.0,0.0,0.0,0.0,17790.586
6.0,102.0,0.0,0.0,0.0,0.0,0.0,1399.3428,0.0,0.0,0.0,0.0,0.0,0.0,0.0,0.0,0.0,9129.87
6.0,108.0,0.0,0.0,0.0,0.0,0.0,4008.4595,0.0,0.0,0.0,0.0,0.0,0.0,0.0,0.0,0.0,7956.9404
6.0,114.0,0.0,0.0,0.0,0.0,0.0,16651.566,0.0,0.0,0.0,0.0,0.0,0.0,0.0,0.0,0.0,1088.7711
6.0,120.0,0.0,0.0,0.0,0.0,0.0,14608.039,0.0,0.0,0.0,0.0,0.0,0.0,0.0,0.0,0.0,5.1877413
6.0,126.0,0.0,0.0,0.0,0.0,0.0,2571.1108,0.0,0.0,0.0,0.0,0.0,0.0,0.0,0.0,0.0,0.0
6.0,132.0,0.0,0.0,0.0,0.0,0.0,6.6863527,0.0,0.0,0.0,0.0,0.0,0.0,0.0,0.0,0.0,0.0
6.0,138.0,0.0,0.0,0.0,0.0,0.0,0.0,0.0,0.0,0.0,0.0,0.0,0.0,0.0,0.0,0.0,0.0
6.0,144.0,0.0,0.0,0.0,0.0,0.0,0.0,0.0,0.0,0.0,0.0,0.0,0.0,0.0,0.0,0.0,0.0
6.0,150.0,0.0,0.0,0.0,0.0,0.0,0.0,0.0,0.0,0.0,0.0,0.0,0.0,0.0,0.0,0.0,0.0
6.0,156.0,0.0,0.0,0.0,0.0,0.0,0.0,0.0,0.0,0.0,0.0,0.0,0.0,0.0,0.0,0.0,0.0
6.0,162.0,0.0,0.0,0.0,0.0,0.0,0.0,0.0,0.0,0.0,0.0,0.0,0.0,0.0,0.0,0.0,0.0
6.0,168.0,0.0,0.0,0.0,0.0,0.0,0.0,0.0,0.0,0.0,0.0,0.0,0.0,0.0,0.0,0.0,0.0
6.0,174.0,0.0,0.0,0.0,0.0,0.0,0.0,0.0,0.0,0.0,0.0,0.0,0.0,0.0,0.0,0.0,0.0
6.0,180.0,0.0,0.0,0.0,0.0,0.0,0.0,0.0,0.0,0.0,0.0,0.0,0.0,0.0,0.0,0.0,0.0
6.0,186.0,0.0,0.0,0.0,0.0,0.0,0.0,0.0,0.0,0.0,0.0,0.0,0.0,0.0,0.0,0.0,0.0
6.0,192.0,0.0,0.0,0.0,0.0,0.0,0.0,0.0,0.0,0.0,0.0,0.0,0.0,0.0,0.0,0.0,0.0
6.0,198.0,0.0,0.0,0.0,0.0,0.0,0.0,0.0,0.0,0.0,0.0,0.0,0.0,0.0,0.0,0.0,0.0
6.0,204.0,0.0,0.0,0.0,0.0,0.0,0.0,0.0,0.0,0.0,0.0,0.0,0.0,0.0,0.0,0.0,0.0
7.0,0.0,0.0,705825.9,8.770725E11,6.4611806E12,0.0,3.5577052E9,0.0,1201948.5,1.0395912E7,8.269595E9,2.2722235E9,9.85278E7,2.1131054E7,9.477903E12,3537984.8,0.0
7.0,6.0,2537179.0,938243.4,2.6298864E11,3.1523899E12,0.0,6.3658747E9,0.0,3964892.8,1.5792488E7,683588.06,2.448577E8,4.1430083E8,601646.2,2.524596E11,2120512.0,0.0
7.0,12.0,1342519.8,4137.0303,1.3258177E10,2.2860042E12,0.0,1.017796E10,0.0,4011.3481,1.5033214E8,1943.2694,2.09628E9,2.5925617E9,27120.756,1.6962713E12,301611.22,155700.27
7.0,18.0,812400.0,398.49774,7.772875E9,6.0777516E11,0.0,1.6200147E9,0.0,685.26306,204560.39,9.482001E7,4.1188912E8,4.4191616E9,21846.814,2.2336803E12,153266.4,349473.72
7.0,24.0,339844.88,581.6778,1.2830834E10,9.962363E10,0.0,1.1581125E9,0.0,859.40546,9449.703,1.2352952E8,1.8492426E7,3952408.0,18882.078,1.4433277E11,150021.6,361570.84
7.0,30.0,138168.8,44.278862,2.4053837E9,5.8933096E10,0.0,1.944197E8,0.0,18316.494,15401.023,4504560.0,3.2525466E7,10084.799,2876.4731,4.7420494E10,98299.625,292340.75
7.0,36.0,312697.2,3511.4827,5.2685814E8,4.809831E9,0.0,2.706238E7,0.0,34512.29,19390.303,3008227.5,1.6885462E7,0.0,622.0855,1.9907207E10,38274.19,191084.55
7.0,42.0,207693.88,2247.3137,757119.0,1.2916585E9,0.0,2.883734E7,0.0,385.0467,87569.31,186660.52,986120.5,0.0,1.5706633,2.5794484E10,6758.0903,137893.5
7.0,48.0,98022.95,2.2429397,59759.15,6.233986E8,0.0,4.3296412E7,0.0,93.2828,30746.684,3.3352249,619581.0,0.0,0.0,4.3333062E8,0.0,114073.305
7.0,54.0,52887.65,1.7437348,1581.8835,5492885.0,0.0,8.621717E7,0.0,0.34486178,6768.9673,0.0,142825.75,0.0,0.0,8411665.0,0.0,82605.38
7.0,60.0,76309.03,0.1312158,525.67584,88463.39,0.0,1.2283632E7,0.0,0.7331231,15929.209,0.0,1.2239803,0.0,0.0,1040634.5,0.0,57411.12
7.0,66.0,43006.254,0.0,0.0,12369.736,0.0,3049461.2,0.0,0.0,30973.977,0.0,0.0,0.0,0.0,380.63876,0.0,36986.383
7.0,72.0,226911.7,0.0,0.0,705.711,0.0,7159.8354,0.0,0.0,10503.802,0.0,0.0,0.0,0.0,26.356133,0.0,32956.2
7.0,78.0,317846.2,0.0,0.0,18.694841,0.0,6095.1733,0.0,0.0,133.20486,0.0,0.0,0.0,0.0,0.0,0.0,28165.07
7.0,84.0,23778.46,0.0,0.0,0.0,0.0,1652.4523,0.0,0.0,217.3611,0.0,0.0,0.0,0.0,0.0,0.0,21092.115
7.0,90.0,33.305107,0.0,0.0,0.0,0.0,4195.5405,0.0,0.0,46.343307,0.0,0.0,0.0,0.0,0.0,0.0,24356.3
7.0,96.0,0.0,0.0,0.0,0.0,0.0,7705.729,0.0,0.0,8.95946,0.0,0.0,0.0,0.0,0.0,0.0,19900.42
7.0,102.0,0.0,0.0,0.0,0.0,0.0,894.8685,0.0,0.0,0.7772413,0.0,0.0,0.0,0.0,0.0,0.0,15635.401
7.0,108.0,0.0,0.0,0.0,0.0,0.0,1016.8356,0.0,0.0,0.0,0.0,0.0,0.0,0.0,0.0,0.0,9763.883
7.0,114.0,0.0,0.0,0.0,0.0,0.0,1858.5665,0.0,0.0,0.0,0.0,0.0,0.0,0.0,0.0,0.0,5174.5347
7.0,120.0,0.0,0.0,0.0,0.0,0.0,6367.522,0.0,0.0,0.0,0.0,0.0,0.0,0.0,0.0,0.0,1268.4778
7.0,126.0,0.0,0.0,0.0,0.0,0.0,9862.411,0.0,0.0,0.0,0.0,0.0,0.0,0.0,0.0,0.0,150.09193
7.0,132.0,0.0,0.0,0.0,0.0,0.0,4390.831,0.0,0.0,0.0,0.0,0.0,0.0,0.0,0.0,0.0,0.0
7.0,138.0,0.0,0.0,0.0,0.0,0.0,287.72217,0.0,0.0,0.0,0.0,0.0,0.0,0.0,0.0,0.0,0.0
7.0,144.0,0.0,0.0,0.0,0.0,0.0,3.648602,0.0,0.0,0.0,0.0,0.0,0.0,0.0,0.0,0.0,0.0
7.0,150.0,0.0,0.0,0.0,0.0,0.0,0.0,0.0,0.0,0.0,0.0,0.0,0.0,0.0,0.0,0.0,0.0
7.0,156.0,0.0,0.0,0.0,0.0,0.0,0.0,0.0,0.0,0.0,0.0,0.0,0.0,0.0,0.0,0.0,0.0
7.0,162.0,0.0,0.0,0.0,0.0,0.0,0.0,0.0,0.0,0.0,0.0,0.0,0.0,0.0,0.0,0.0,0.0
7.0,168.0,0.0,0.0,0.0,0.0,0.0,0.0,0.0,0.0,0.0,0.0,0.0,0.0,0.0,0.0,0.0,0.0
7.0,174.0,0.0,0.0,0.0,0.0,0.0,0.0,0.0,0.0,0.0,0.0,0.0,0.0,0.0,0.0,0.0,0.0
7.0,180.0,0.0,0.0,0.0,0.0,0.0,0.0,0.0,0.0,0.0,0.0,0.0,0.0,0.0,0.0,0.0,0.0
7.0,186.0,0.0,0.0,0.0,0.0,0.0,0.0,0.0,0.0,0.0,0.0,0.0,0.0,0.0,0.0,0.0,0.0
7.0,192.0,0.0,0.0,0.0,0.0,0.0,0.0,0.0,0.0,0.0,0.0,0.0,0.0,0.0,0.0,0.0,0.0
7.0,198.0,0.0,0.0,0.0,0.0,0.0,0.0,0.0,0.0,0.0,0.0,0.0,0.0,0.0,0.0,0.0,0.0
7.0,204.0,0.0,0.0,0.0,0.0,0.0,0.0,0.0,0.0,0.0,0.0,0.0,0.0,0.0,0.0,0.0,0.0
8.0,0.0,0.0,200406.23,4.7254664E11,1.6272883E13,0.0,1.3689116E10,0.0,320333.12,4030198.5,1.0812037E9,1.7244116E9,3.214889E7,1.2543724E7,1.2735192E13,1494512.6,0.0
8.0,6.0,1219149.1,702080.3,4.152509E11,2.3268386E12,0.0,6.597908E9,0.0,1674881.8,1.743114E7,1273463.8,2679732.2,1.2111432E8,428456.2,6.292527E11,830899.1,0.0
8.0,12.0,1634088.2,4404.291,3.2543934E10,1.0285855E13,0.0,1.7083524E10,0.0,11508.248,4.4330492E7,134888.97,1.6904959E9,6.4864966E8,378861.3,1.67024E12,217530.27,132343.75
8.0,18.0,902001.3,2591.0884,1.0808764E10,8.289483E11,0.0,3.2269089E10,0.0,1221.7289,2.2653986E7,8.57435,2.969314E9,2.4045865E9,84077.81,8.2390223E12,358858.94,327389.22
8.0,24.0,367786.47,414.38782,4.3937782E8,2.735297E11,0.0,7.46746E9,0.0,464.82172,27759.703,1.2602036E7,2156116.2,2423160.5,49402.848,2.597919E12,232287.89,359961.22
8.0,30.0,234706.05,330.9661,6.5287475E9,5.2041945E10,0.0,1.957571E9,0.0,5885.5176,15607.891,2724428.5,1.1512442E7,3810.923,360.96362,7.524658E10,103695.26,291378.6
8.0,36.0,135959.77,893.8189,1.8909778E8,3.2577479E10,0.0,3.6114016E8,0.0,12350.841,9550.111,2702989.0,2.1277236E7,0.0,1254.1198,1.5164738E10,28957.652,238371.4
8.0,42.0,59662.51,839.07947,9.319739E7,1.9691259E9,0.0,7.732421E7,0.0,70.11048,45195.93,316290.25,203893.81,0.0,140.04185,2.3862761E10,10686.364,168946.89
8.0,48.0,156985.53,32.61451,6022.0195,5.386656E8,0.0,2.8871418E7,0.0,253.36586,28050.668,4.9438396,667635.75,0.0,0.0,3.774761E9,0.0,134780.28
8.0,54.0,114900.14,10.183282,4311.9355,2.2245102E7,0.0,2.2403248E7,0.0,34.892056,17084.562,0.0,147593.02,0.0,0.0,6.863874E8,0.0,101729.69
8.0,60.0,40102.656,0.39921242,484.3786,142940.28,0.0,5.3564E7,0.0,0.64148915,10001.198,0.0,22.422594,0.0,0.0,1312985.8,0.0,70491.32
8.0,66.0,43703.418,0.0,0.0,9905.626,0.0,5575471.5,0.0,0.0,16851.717,0.0,0.0,0.0,0.0,478.34998,0.0,52444.92
8.0,72.0,29522.22,0.0,0.0,779.4131,0.0,1327114.4,0.0,0.0,10135.951,0.0,0.0,0.0,0.0,0.0,0.0,39823.883
8.0,78.0,85868.35,0.0,0.0,16.684875,0.0,62593.785,0.0,0.0,140.92131,0.0,0.0,0.0,0.0,0.0,0.0,25200.184
8.0,84.0,123220.41,0.0,0.0,0.0,0.0,3914.673,0.0,0.0,84.67913,0.0,0.0,0.0,0.0,0.0,0.0,16852.854
8.0,90.0,17532.18,0.0,0.0,0.0,0.0,5146.9785,0.0,0.0,182.87735,0.0,0.0,0.0,0.0,0.0,0.0,14510.578
8.0,96.0,5.9149275,0.0,0.0,0.0,0.0,2816.067,0.0,0.0,48.61582,0.0,0.0,0.0,0.0,0.0,0.0,10785.474
8.0,102.0,0.0,0.0,0.0,0.0,0.0,6573.144,0.0,0.0,5.644916,0.0,0.0,0.0,0.0,0.0,0.0,11012.729
8.0,108.0,0.0,0.0,0.0,0.0,0.0,1941.3246,0.0,0.0,0.706681,0.0,0.0,0.0,0.0,0.0,0.0,9632.153
8.0,114.0,0.0,0.0,0.0,0.0,0.0,617.19556,0.0,0.0,0.0,0.0,0.0,0.0,0.0,0.0,0.0,7471.0806
8.0,120.0,0.0,0.0,0.0,0.0,0.0,749.8327,0.0,0.0,0.0,0.0,0.0,0.0,0.0,0.0,0.0,4232.618
8.0,126.0,0.0,0.0,0.0,0.0,0.0,3150.7173,0.0,0.0,0.0,0.0,0.0,0.0,0.0,0.0,0.0,1314.298
8.0,132.0,0.0,0.0,0.0,0.0,0.0,5994.5884,0.0,0.0,0.0,0.0,0.0,0.0,0.0,0.0,0.0,219.5391
8.0,138.0,0.0,0.0,0.0,0.0,0.0,3506.7468,0.0,0.0,0.0,0.0,0.0,0.0,0.0,0.0,0.0,7.6057806
8.0,144.0,0.0,0.0,0.0,0.0,0.0,422.80814,0.0,0.0,0.0,0.0,0.0,0.0,0.0,0.0,0.0,0.0
8.0,150.0,0.0,0.0,0.0,0.0,0.0,67.40852,0.0,0.0,0.0,0.0,0.0,0.0,0.0,0.0,0.0,0.0
8.0,156.0,0.0,0.0,0.0,0.0,0.0,0.32464418,0.0,0.0,0.0,0.0,0.0,0.0,0.0,0.0,0.0,0.0
8.0,162.0,0.0,0.0,0.0,0.0,0.0,0.0,0.0,0.0,0.0,0.0,0.0,0.0,0.0,0.0,0.0,0.0
8.0,168.0,0.0,0.0,0.0,0.0,0.0,0.0,0.0,0.0,0.0,0.0,0.0,0.0,0.0,0.0,0.0,0.0
8.0,174.0,0.0,0.0,0.0,0.0,0.0,0.0,0.0,0.0,0.0,0.0,0.0,0.0,0.0,0.0,0.0,0.0
8.0,180.0,0.0,0.0,0.0,0.0,0.0,0.0,0.0,0.0,0.0,0.0,0.0,0.0,0.0,0.0,0.0,0.0
8.0,186.0,0.0,0.0,0.0,0.0,0.0,0.0,0.0,0.0,0.0,0.0,0.0,0.0,0.0,0.0,0.0,0.0
8.0,192.0,0.0,0.0,0.0,0.0,0.0,0.0,0.0,0.0,0.0,0.0,0.0,0.0,0.0,0.0,0.0,0.0
8.0,198.0,0.0,0.0,0.0,0.0,0.0,0.0,0.0,0.0,0.0,0.0,0.0,0.0,0.0,0.0,0.0,0.0
8.0,204.0,0.0,0.0,0.0,0.0,0.0,0.0,0.0,0.0,0.0,0.0,0.0,0.0,0.0,0.0,0.0,0.0
9.0,0.0,0.0,73039.8,1.12189055E11,3.3839357E13,0.0,9.50976E9,0.0,98228.46,5278042.0,6.697937E8,1.067952E9,1.1202127E7,1.2457597E7,1.6729415E13,2349015.5,0.0
9.0,6.0,647234.8,160488.58,1.9937904E11,1.2248546E13,0.0,3.3916334E9,0.0,372839.0,3873292.5,137561.73,1.823323E7,2.332124E7,992407.1,8.538988E11,2909250.0,0.0
9.0,12.0,1374799.8,8408.133,1.2358684E10,1.0682772E13,0.0,9.541518E9,0.0,52408.324,1.996208E7,103138.195,25068.734,1.748166E8,532057.8,3.113504E12,44262.824,125377.67
9.0,18.0,469631.6,1903.7911,1.9780289E10,1.05738194E12,0.0,6.2223397E10,0.0,1597.2335,1.0665885E7,9.616308,1.406765E9,1.3469925E9,258660.02,7.851839E12,57627.855,289026.56
9.0,24.0,279493.75,338.13925,2.5176064E9,7.27873E11,0.0,2.156148E10,0.0,1196.939,27617.283,37.804287,8.8369504E8,313101.25,40697.438,4.0131995E12,322621.47,297033.7
9.0,30.0,107325.21,156.14618,3.4996416E8,2.9221755E10,0.0,5.688458E9,0.0,268.43497,11112.444,7359438.5,313430.88,1.8616954,44.077904,6.269525E11,199879.0,247547.19
9.0,36.0,103498.945,288.0292,1.8065792E7,2.3727639E10,0.0,1.4094561E9,0.0,2861.5237,6302.286,1506178.0,1.0205248E7,0.0,471.6557,7.4039904E8,55441.93,190313.36
9.0,42.0,107208.336,186.0362,2.3894484E7,1.5203758E9,0.0,1.0419504E9,0.0,296.98282,20981.508,300662.03,4217233.5,0.0,156.05031,6.3964826E9,7907.7754,160391.08
9.0,48.0,73179.52,6.542922,3937.664,5.276157E8,0.0,4.0720275E8,0.0,218.50175,12677.21,1068.3328,352966.34,0.0,0.0,1.2302906E9,0.0,136560.7
9.0,54.0,51413.945,12.18547,1826.0703,1.3058165E7,0.0,1.8077542E7,0.0,53.75244,10932.293,0.0,99558.47,0.0,0.0,1.6452437E8,0.0,111434.06
9.0,60.0,88623.55,9.661182,329.30887,703357.8,0.0,2.815438E7,0.0,1.2239203,6203.488,0.0,1681.1208,0.0,0.0,0.0,0.0,87909.02
9.0,66.0,45777.336,0.0,0.0,5885.9644,0.0,2.068182E7,0.0,0.0,12301.85,0.0,0.0,0.0,0.0,0.115197904,0.0,62121.3
9.0,72.0,32738.938,0.0,0.0,438.25626,0.0,2016873.4,0.0,0.0,7348.8525,0.0,0.0,0.0,0.0,0.0,0.0,45011.98
9.0,78.0,17390.646,0.0,0.0,7.524724,0.0,169648.6,0.0,0.0,344.8317,0.0,0.0,0.0,0.0,0.0,0.0,30242.953
9.0,84.0,28430.576,0.0,0.0,0.0,0.0,41888.266,0.0,0.0,84.72384,0.0,0.0,0.0,0.0,0.0,0.0,23378.557
9.0,90.0,36315.03,0.0,0.0,0.0,0.0,1.7314451,0.0,0.0,90.88008,0.0,0.0,0.0,0.0,0.0,0.0,15591.241
9.0,96.0,9166.935,0.0,0.0,0.0,0.0,3594.6982,0.0,0.0,136.31749,0.0,0.0,0.0,0.0,0.0,0.0,9199.579
9.0,102.0,6.3410773,0.0,0.0,0.0,0.0,3346.002,0.0,0.0,37.773968,0.0,0.0,0.0,0.0,0.0,0.0,7082.7075
9.0,108.0,0.0,0.0,0.0,0.0,0.0,4012.1663,0.0,0.0,2.6591218,0.0,0.0,0.0,0.0,0.0,0.0,5453.654
9.0,114.0,0.0,0.0,0.0,0.0,0.0,868.20404,0.0,0.0,0.19523011,0.0,0.0,0.0,0.0,0.0,0.0,5085.754
9.0,120.0,0.0,0.0,0.0,0.0,0.0,838.5945,0.0,0.0,0.0,0.0,0.0,0.0,0.0,0.0,0.0,4489.195
9.0,126.0,0.0,0.0,0.0,0.0,0.0,574.877,0.0,0.0,0.0,0.0,0.0,0.0,0.0,0.0,0.0,2975.0488
9.0,132.0,0.0,0.0,0.0,0.0,0.0,1804.4364,0.0,0.0,0.0,0.0,0.0,0.0,0.0,0.0,0.0,1152.1714
9.0,138.0,0.0,0.0,0.0,0.0,0.0,3799.897,0.0,0.0,0.0,0.0,0.0,0.0,0.0,0.0,0.0,211.63443
9.0,144.0,0.0,0.0,0.0,0.0,0.0,2042.3002,0.0,0.0,0.0,0.0,0.0,0.0,0.0,0.0,0.0,14.557809
9.0,150.0,0.0,0.0,0.0,0.0,0.0,268.01163,0.0,0.0,0.0,0.0,0.0,0.0,0.0,0.0,0.0,0.0
9.0,156.0,0.0,0.0,0.0,0.0,0.0,83.717834,0.0,0.0,0.0,0.0,0.0,0.0,0.0,0.0,0.0,0.0
9.0,162.0,0.0,0.0,0.0,0.0,0.0,1.5158705,0.0,0.0,0.0,0.0,0.0,0.0,0.0,0.0,0.0,0.0
9.0,168.0,0.0,0.0,0.0,0.0,0.0,0.0,0.0,0.0,0.0,0.0,0.0,0.0,0.0,0.0,0.0,0.0
9.0,174.0,0.0,0.0,0.0,0.0,0.0,0.0,0.0,0.0,0.0,0.0,0.0,0.0,0.0,0.0,0.0,0.0
9.0,180.0,0.0,0.0,0.0,0.0,0.0,0.0,0.0,0.0,0.0,0.0,0.0,0.0,0.0,0.0,0.0,0.0
9.0,186.0,0.0,0.0,0.0,0.0,0.0,0.0,0.0,0.0,0.0,0.0,0.0,0.0,0.0,0.0,0.0,0.0
9.0,192.0,0.0,0.0,0.0,0.0,0.0,0.0,0.0,0.0,0.0,0.0,0.0,0.0,0.0,0.0,0.0,0.0
9.0,198.0,0.0,0.0,0.0,0.0,0.0,0.0,0.0,0.0,0.0,0.0,0.0,0.0,0.0,0.0,0.0,0.0
9.0,204.0,0.0,0.0,0.0,0.0,0.0,0.0,0.0,0.0,0.0,0.0,0.0,0.0,0.0,0.0,0.0,0.0
10.0,0.0,0.0,97877.22,2.184785E11,5.292974E13,0.0,1.4277224E10,0.0,30176.686,3062445.8,1.3725538E8,6.762144E8,7513448.0,7.301687E7,3.0986031E13,7103814.5,0.0
10.0,6.0,368995.56,37858.055,2.4268454E11,1.9460547E13,0.0,1.2433306E10,0.0,221143.78,966798.2,133531.33,3.3060152E7,7464234.5,2449191.0,2.6236279E12,3245469.0,0.0
10.0,12.0,1072861.9,9080.719,5.1458166E9,1.2857161E13,0.0,8.949287E9,0.0,5726.7583,1.0148696E7,3945.8582,6379119.0,8.426666E7,7079309.5,1.1637908E13,2055061.8,144295.53
10.0,18.0,816743.94,2578.2437,1.9773618E10,4.5575077E12,0.0,1.4767377E10,0.0,1427.0585,174496.69,120.96959,2904246.0,3.793616E8,1079703.6,6.1035994E12,149047.55,288058.38
10.0,24.0,484141.84,1341.0901,6.6137595E9,1.258029E12,0.0,4.5205406E10,0.0,589.95,18093.896,47.128036,9769492.0,243739.58,3078.4158,2.6450663E12,9585.55,292661.84
10.0,30.0,80365.88,595.50323,1.3088027E7,1.0671545E11,0.0,3.217513E10,0.0,61.301926,15359.073,201982.5,22954.688,0.40996295,1.2587886,5.1852585E11,25264.166,240488.44
10.0,36.0,53034.227,50.854298,75830.164,2.7391742E10,0.0,3.5014627E10,0.0,243.78653,5514.0776,725060.56,1829185.8,0.0,53.507782,1.566398E11,41831.17,179967.84
10.0,42.0,36443.727,65.88415,14656.499,1.4512201E9,0.0,1.4407762E8,0.0,438.72137,6235.222,186985.62,5964502.5,0.0,186.89864,4.5803532E10,13080.82,137128.88
10.0,48.0,60616.86,82.615746,2157.501,6.5585517E8,0.0,1.0737316E9,0.0,108.598045,14778.058,9005.732,83062.15,0.0,0.0,7.4109896E9,0.0,113567.91
10.0,54.0,54360.0,0.0,1891.816,4318372.5,0.0,4.8927795E8,0.0,80.310486,7616.33,0.24885853,164013.8,0.0,0.0,1377136.6,0.0,90225.01
10.0,60.0,36974.035,5.029927,116.991135,1461525.6,0.0,9146572.0,0.0,1.4877081,2348.6904,0.0,3168.992,0.0,0.0,2514351.0,0.0,80060.26
10.0,66.0,49980.14,6.7611356,0.0,2008.2108,0.0,2.6931578E7,0.0,0.0,5326.728,0.0,0.0,0.0,0.0,0.0,0.0,61545.617
10.0,72.0,43535.496,0.0,0.0,491.57767,0.0,2194966.5,0.0,0.0,7712.37,0.0,0.0,0.0,0.0,0.0,0.0,51607.3
10.0,78.0,21788.314,0.0,0.0,3.1476614,0.0,536929.25,0.0,0.0,769.0053,0.0,0.0,0.0,0.0,0.0,0.0,38684.28
10.0,84.0,11126.419,0.0,0.0,0.0,0.0,105272.79,0.0,0.0,315.92032,0.0,0.0,0.0,0.0,0.0,0.0,26325.797
10.0,90.0,6602.8364,0.0,0.0,0.0,0.0,11446.058,0.0,0.0,34.892197,0.0,0.0,0.0,0.0,0.0,0.0,16858.05
10.0,96.0,6449.703,0.0,0.0,0.0,0.0,32.395634,0.0,0.0,84.208984,0.0,0.0,0.0,0.0,0.0,0.0,12274.039
10.0,102.0,1252.4952,0.0,0.0,0.0,0.0,447.25125,0.0,0.0,90.53063,0.0,0.0,0.0,0.0,0.0,0.0,8349.122
10.0,108.0,0.0,0.0,0.0,0.0,0.0,3554.0176,0.0,0.0,15.824007,0.0,0.0,0.0,0.0,0.0,0.0,4921.617
10.0,114.0,0.0,0.0,0.0,0.0,0.0,2523.2822,0.0,0.0,0.41921595,0.0,0.0,0.0,0.0,0.0,0.0,3293.2517
10.0,120.0,0.0,0.0,0.0,0.0,0.0,316.79462,0.0,0.0,0.0,0.0,0.0,0.0,0.0,0.0,0.0,2506.3032
10.0,126.0,0.0,0.0,0.0,0.0,0.0,669.66504,0.0,0.0,0.0,0.0,0.0,0.0,0.0,0.0,0.0,2410.0625
10.0,132.0,0.0,0.0,0.0,0.0,0.0,659.5659,0.0,0.0,0.0,0.0,0.0,0.0,0.0,0.0,0.0,1782.9597
10.0,138.0,0.0,0.0,0.0,0.0,0.0,1379.5085,0.0,0.0,0.0,0.0,0.0,0.0,0.0,0.0,0.0,824.539
10.0,144.0,0.0,0.0,0.0,0.0,0.0,2366.347,0.0,0.0,0.0,0.0,0.0,0.0,0.0,0.0,0.0,160.3371
10.0,150.0,0.0,0.0,0.0,0.0,0.0,917.89557,0.0,0.0,0.0,0.0,0.0,0.0,0.0,0.0,0.0,11.231953
10.0,156.0,0.0,0.0,0.0,0.0,0.0,120.22254,0.0,0.0,0.0,0.0,0.0,0.0,0.0,0.0,0.0,0.0
10.0,162.0,0.0,0.0,0.0,0.0,0.0,65.78278,0.0,0.0,0.0,0.0,0.0,0.0,0.0,0.0,0.0,0.0
10.0,168.0,0.0,0.0,0.0,0.0,0.0,1.4032815,0.0,0.0,0.0,0.0,0.0,0.0,0.0,0.0,0.0,0.0
10.0,174.0,0.0,0.0,0.0,0.0,0.0,0.0,0.0,0.0,0.0,0.0,0.0,0.0,0.0,0.0,0.0,0.0
10.0,180.0,0.0,0.0,0.0,0.0,0.0,0.0,0.0,0.0,0.0,0.0,0.0,0.0,0.0,0.0,0.0,0.0
10.0,186.0,0.0,0.0,0.0,0.0,0.0,0.0,0.0,0.0,0.0,0.0,0.0,0.0,0.0,0.0,0.0,0.0
10.0,192.0,0.0,0.0,0.0,0.0,0.0,0.0,0.0,0.0,0.0,0.0,0.0,0.0,0.0,0.0,0.0,0.0
10.0,198.0,0.0,0.0,0.0,0.0,0.0,0.0,0.0,0.0,0.0,0.0,0.0,0.0,0.0,0.0,0.0,0.0
10.0,204.0,0.0,0.0,0.0,0.0,0.0,0.0,0.0,0.0,0.0,0.0,0.0,0.0,0.0,0.0,0.0,0.0
11.0,0.0,0.0,81413.414,1.8976157E11,8.0519505E13,0.0,1.4773604E11,0.0,28511.805,3459648.2,8.3159464E7,8.212898E8,1.2053897E7,2.5474324E7,5.2497473E13,1539893.5,0.0
11.0,6.0,287742.53,95597.76,1.621575E11,1.9407074E13,0.0,4.7276147E10,0.0,85258.67,2307764.2,1203534.4,9.639524E7,3.299873E7,1.069077E7,2.543512E12,3352391.5,0.0
11.0,12.0,894137.44,5146.6123,1.0392574E10,2.1881416E13,0.0,2.680797E11,0.0,4001.3752,1.0204243E7,185629.69,2.3447918E7,1.9803954E7,711930.8,2.1081142E13,225856.25,152759.92
11.0,18.0,768240.9,3896.2297,1.906305E10,4.2094329E12,0.0,3.8744637E10,0.0,2352.3374,114938.88,99.78398,1.2377171E8,2.0445413E8,36843.113,1.4271795E13,358190.9,366047.97
11.0,24.0,393774.03,2196.3777,4.711693E9,1.6528583E12,0.0,3.883406E9,0.0,3107.6274,59202.574,1.7837117,5.106161E7,1257820.9,15333.192,1.0451029E12,151475.86,355830.1
11.0,30.0,242215.84,819.034,6.242912E8,5.2608437E11,0.0,5.7110195E9,0.0,1156.5316,37825.87,57160.32,168834.31,0.0,13.319808,2.0587795E12,92322.234,293808.3
11.0,36.0,149950.14,2.1929123,92092.99,6.892054E9,0.0,4.138492E10,0.0,88.54822,17081.7,286753.62,498570.88,0.0,0.0,1.0378887E10,6187.0244,205581.83
11.0,42.0,50429.48,10.151775,24067.23,9.652584E9,0.0,5.2357146E9,0.0,319.5176,11581.987,108658.81,3343104.0,0.0,80.35082,1.2195186E11,2362.444,136575.14
11.0,48.0,31951.82,35.16174,8288.993,2.9900168E9,0.0,2.4551168E8,0.0,52.291782,13286.012,10463.457,34503.21,0.0,0.0,4.641389E10,0.0,110378.83
11.0,54.0,33143.816,39.129337,1841.0652,1904483.5,0.0,6.479412E8,0.0,95.16847,4778.183,9.982553,116094.055,0.0,0.0,3.067595E7,0.0,85730.74
11.0,60.0,34023.008,0.0,105.46463,834863.44,0.0,1.8795893E8,0.0,15.285785,5109.886,0.0,5920.1655,0.0,0.0,179645.1,0.0,67239.97
11.0,66.0,26880.693,3.0815122,0.0,1246.3661,0.0,1.4752914E7,0.0,0.26199526,3016.562,0.0,0.0,0.0,0.0,0.0,0.0,51575.9
11.0,72.0,26182.83,3.3816683,0.0,266.43826,0.0,6727358.0,0.0,0.0,2416.1113,0.0,0.0,0.0,0.0,0.0,0.0,41898.06
11.0,78.0,31556.244,0.0,0.0,1.4144387,0.0,1071081.6,0.0,0.0,3354.3289,0.0,0.0,0.0,0.0,0.0,0.0,36119.305
11.0,84.0,17752.023,0.0,0.0,0.0,0.0,66441.09,0.0,0.0,207.15208,0.0,0.0,0.0,0.0,0.0,0.0,27603.104
11.0,90.0,4707.3105,0.0,0.0,0.0,0.0,65955.766,0.0,0.0,205.1606,0.0,0.0,0.0,0.0,0.0,0.0,20756.99
11.0,96.0,993.41095,0.0,0.0,0.0,0.0,75.150986,0.0,0.0,28.37661,0.0,0.0,0.0,0.0,0.0,0.0,14070.866
11.0,102.0,39.300793,0.0,0.0,0.0,0.0,101.31547,0.0,0.0,67.70961,0.0,0.0,0.0,0.0,0.0,0.0,9152.002
11.0,108.0,0.0,0.0,0.0,0.0,0.0,133.37186,0.0,0.0,54.388103,0.0,0.0,0.0,0.0,0.0,0.0,5975.695
11.0,114.0,0.0,0.0,0.0,0.0,0.0,1903.3406,0.0,0.0,3.8101985,0.0,0.0,0.0,0.0,0.0,0.0,3909.8845
11.0,120.0,0.0,0.0,0.0,0.0,0.0,2173.8174,0.0,0.0,0.0,0.0,0.0,0.0,0.0,0.0,0.0,2234.3337
11.0,126.0,0.0,0.0,0.0,0.0,0.0,105.22735,0.0,0.0,0.0,0.0,0.0,0.0,0.0,0.0,0.0,1469.2456
11.0,132.0,0.0,0.0,0.0,0.0,0.0,196.99724,0.0,0.0,0.0,0.0,0.0,0.0,0.0,0.0,0.0,1155.0792
11.0,138.0,0.0,0.0,0.0,0.0,0.0,538.88666,0.0,0.0,0.0,0.0,0.0,0.0,0.0,0.0,0.0,963.9807
11.0,144.0,0.0,0.0,0.0,0.0,0.0,1290.6646,0.0,0.0,0.0,0.0,0.0,0.0,0.0,0.0,0.0,485.2571
11.0,150.0,0.0,0.0,0.0,0.0,0.0,1401.028,0.0,0.0,0.0,0.0,0.0,0.0,0.0,0.0,0.0,91.50895
11.0,156.0,0.0,0.0,0.0,0.0,0.0,279.11182,0.0,0.0,0.0,0.0,0.0,0.0,0.0,0.0,0.0,4.7085934
11.0,162.0,0.0,0.0,0.0,0.0,0.0,74.58895,0.0,0.0,0.0,0.0,0.0,0.0,0.0,0.0,0.0,0.0
11.0,168.0,0.0,0.0,0.0,0.0,0.0,36.96408,0.0,0.0,0.0,0.0,0.0,0.0,0.0,0.0,0.0,0.0
11.0,174.0,0.0,0.0,0.0,0.0,0.0,0.78660786,0.0,0.0,0.0,0.0,0.0,0.0,0.0,0.0,0.0,0.0
11.0,180.0,0.0,0.0,0.0,0.0,0.0,0.0,0.0,0.0,0.0,0.0,0.0,0.0,0.0,0.0,0.0,0.0
11.0,186.0,0.0,0.0,0.0,0.0,0.0,0.0,0.0,0.0,0.0,0.0,0.0,0.0,0.0,0.0,0.0,0.0
11.0,192.0,0.0,0.0,0.0,0.0,0.0,0.0,0.0,0.0,0.0,0.0,0.0,0.0,0.0,0.0,0.0,0.0
11.0,198.0,0.0,0.0,0.0,0.0,0.0,0.0,0.0,0.0,0.0,0.0,0.0,0.0,0.0,0.0,0.0,0.0
11.0,204.0,0.0,0.0,0.0,0.0,0.0,0.0,0.0,0.0,0.0,0.0,0.0,0.0,0.0,0.0,0.0,0.0
12.0,0.0,0.0,120122.8,2.4058901E11,1.5112688E14,0.0,8.560184E10,0.0,104129.09,2536627.2,7.5462776E7,1.2964364E9,4593150.0,742410.56,3.3210086E14,2239163.8,0.0
12.0,6.0,270291.06,178577.12,2.4519457E11,4.9295873E13,0.0,2.93358E10,0.0,560465.25,1.2849729E7,2635001.2,1.3984268E7,1.4213129E7,1343437.0,5.552076E12,1328483.8,0.0
12.0,12.0,642659.9,3572.1465,2.0086692E11,1.8019244E13,0.0,4.0196604E10,0.0,7156.211,1.1984851E7,21770.57,1.3595132E7,1.7447022E7,84286.16,2.1348502E13,899924.2,148021.81
12.0,18.0,418825.38,2904.774,1.0335878E11,1.209949E13,0.0,7.021389E11,0.0,2051.8164,89537.17,490620.44,5.31445E7,9.355827E7,8909.625,4.784089E13,99941.734,339668.12
12.0,24.0,283039.38,1245.0142,2.477588E10,2.6028037E12,0.0,3.1031867E10,0.0,3104.6628,31210.598,601151.6,5.196379E7,448034.3,1692.7692,1.1271494E13,170150.73,365605.2
12.0,30.0,147002.45,1211.0522,2.6221258E9,2.3150293E12,0.0,1.9077754E9,0.0,5418.951,23130.004,27534.219,3.6714348E7,37198.688,1224.9382,3.9397955E12,211945.7,305415.38
12.0,36.0,107951.47,540.2297,4.0633264E7,1.2520481E11,0.0,2.1002952E9,0.0,1302.2637,23116.957,34576.293,61177.88,0.0,0.0,1.6605044E12,107593.81,219565.08
12.0,42.0,108013.09,154.01189,32272.357,1.4999269E9,0.0,2.06237E10,0.0,107.05813,18782.402,166111.0,953414.44,0.0,44.91792,4.1023603E10,7538.492,162064.75
12.0,48.0,81420.51,1.4898344,1066.1035,3.9554002E9,0.0,1.01421037E9,0.0,199.37288,15758.58,24543.818,959529.75,0.0,0.0,2772960.2,0.0,135223.86
12.0,54.0,35511.527,21.093462,4860.7515,7215118.5,0.0,5.911245E8,0.0,59.380486,8245.157,60.761757,67938.49,0.0,0.0,1.2991205E7,0.0,104004.5
12.0,60.0,20596.588,4.328859,765.9083,728783.1,0.0,4.0773174E8,0.0,30.443663,7273.8496,0.0,4443.185,0.0,0.0,32287.986,0.0,70148.695
12.0,66.0,23764.203,0.0,0.0,460.1802,0.0,2.7103404E7,0.0,0.3142015,2655.9805,0.0,0.6642265,0.0,0.0,0.0,0.0,50168.887
12.0,72.0,17410.754,2.9363835,0.0,144.80182,0.0,9567365.0,0.0,0.0,2653.734,0.0,0.0,0.0,0.0,0.0,0.0,38285.906
12.0,78.0,15766.727,0.5889461,0.0,0.38050705,0.0,1895234.2,0.0,0.0,1218.7804,0.0,0.0,0.0,0.0,0.0,0.0,29675.752
12.0,84.0,21214.402,0.0,0.0,0.0,0.0,179118.12,0.0,0.0,1733.9515,0.0,0.0,0.0,0.0,0.0,0.0,22744.502
12.0,90.0,10655.955,0.0,0.0,0.0,0.0,33722.066,0.0,0.0,390.22598,0.0,0.0,0.0,0.0,0.0,0.0,18258.412
12.0,96.0,1954.5164,0.0,0.0,0.0,0.0,106.98432,0.0,0.0,76.797295,0.0,0.0,0.0,0.0,0.0,0.0,14366.204
12.0,102.0,33.35148,0.0,0.0,0.0,0.0,32.734207,0.0,0.0,42.025814,0.0,0.0,0.0,0.0,0.0,0.0,10274.728
12.0,108.0,1.1636691,0.0,0.0,0.0,0.0,67.32123,0.0,0.0,38.166843,0.0,0.0,0.0,0.0,0.0,0.0,7116.337
12.0,114.0,0.0,0.0,0.0,0.0,0.0,129.95471,0.0,0.0,25.22121,0.0,0.0,0.0,0.0,0.0,0.0,4285.6323
12.0,120.0,0.0,0.0,0.0,0.0,0.0,1402.8807,0.0,0.0,0.24873328,0.0,0.0,0.0,0.0,0.0,0.0,2592.4546
12.0,126.0,0.0,0.0,0.0,0.0,0.0,1168.1046,0.0,0.0,0.0,0.0,0.0,0.0,0.0,0.0,0.0,1677.5143
12.0,132.0,0.0,0.0,0.0,0.0,0.0,82.9407,0.0,0.0,0.0,0.0,0.0,0.0,0.0,0.0,0.0,858.9478
12.0,138.0,0.0,0.0,0.0,0.0,0.0,127.255424,0.0,0.0,0.0,0.0,0.0,0.0,0.0,0.0,0.0,597.3524
12.0,144.0,0.0,0.0,0.0,0.0,0.0,461.5889,0.0,0.0,0.0,0.0,0.0,0.0,0.0,0.0,0.0,482.25424
12.0,150.0,0.0,0.0,0.0,0.0,0.0,947.3986,0.0,0.0,0.0,0.0,0.0,0.0,0.0,0.0,0.0,234.51152
12.0,156.0,0.0,0.0,0.0,0.0,0.0,659.8231,0.0,0.0,0.0,0.0,0.0,0.0,0.0,0.0,0.0,33.129097
12.0,162.0,0.0,0.0,0.0,0.0,0.0,61.335907,0.0,0.0,0.0,0.0,0.0,0.0,0.0,0.0,0.0,0.20203541
12.0,168.0,0.0,0.0,0.0,0.0,0.0,66.70271,0.0,0.0,0.0,0.0,0.0,0.0,0.0,0.0,0.0,0.0
12.0,174.0,0.0,0.0,0.0,0.0,0.0,3.7156603,0.0,0.0,0.0,0.0,0.0,0.0,0.0,0.0,0.0,0.0
12.0,180.0,0.0,0.0,0.0,0.0,0.0,0.102642134,0.0,0.0,0.0,0.0,0.0,0.0,0.0,0.0,0.0,0.0
12.0,186.0,0.0,0.0,0.0,0.0,0.0,0.0,0.0,0.0,0.0,0.0,0.0,0.0,0.0,0.0,0.0,0.0
12.0,192.0,0.0,0.0,0.0,0.0,0.0,0.0,0.0,0.0,0.0,0.0,0.0,0.0,0.0,0.0,0.0,0.0
12.0,198.0,0.0,0.0,0.0,0.0,0.0,0.0,0.0,0.0,0.0,0.0,0.0,0.0,0.0,0.0,0.0,0.0
12.0,204.0,0.0,0.0,0.0,0.0,0.0,0.0,0.0,0.0,0.0,0.0,0.0,0.0,0.0,0.0,0.0,0.0
13.0,0.0,0.0,84211.35,8.876631E12,4.2383348E14,0.0,1.8901952E11,0.0,144190.25,4739805.5,1.6544651E7,1.0151571E9,1717276.2,1.0333445E7,5.7413056E14,3548347.2,0.0
13.0,6.0,276938.2,110145.266,5.681279E12,1.2557703E14,0.0,1.6473543E11,0.0,805752.8,4978433.5,305554.25,1.6246604E7,2517935.8,1213476.4,5.4404653E12,1722687.1,0.0
13.0,12.0,715972.1,5209.3354,1.8705159E12,2.3425946E14,0.0,1.7237788E11,0.0,10914.935,2.0631672E7,17387.102,41818.605,1.9830086E7,504922.66,4.699423E13,120431.336,136414.6
13.0,18.0,438766.12,3408.097,2.761387E11,7.6141387E12,0.0,5.6783136E11,0.0,1700.681,31330.111,7808.3477,14286.855,1099145.5,303826.53,1.13136485E14,178804.27,299278.25
13.0,24.0,201018.17,276.38956,2.2342345E11,7.0190587E12,0.0,2.4976135E11,0.0,623.2402,55528.363,2216.5742,4.406824E7,19934.559,336.67508,1.9412936E13,270281.5,318970.16
13.0,30.0,50012.547,195.24117,1.0319144E10,3.3204913E12,0.0,5.673822E10,0.0,2227.2158,8033.455,9658.024,2.0524872E7,2649.3867,1.3517923,1.1927604E12,72863.02,269004.62
13.0,36.0,28261.658,135.81503,3.7356342E9,2.1634707E11,0.0,2.607762E10,0.0,3069.2776,8634.36,3076.6116,4136285.8,0.0,0.0,3.0408848E11,27625.549,232023.97
13.0,42.0,79509.34,228.46545,10025.255,6.6650624E8,0.0,4.9566295E9,0.0,726.0335,16413.873,98108.9,1615.3877,0.0,25.895365,1.0243352E11,9299.324,166349.12
13.0,48.0,66489.02,12.814277,10673.563,1.6478883E9,0.0,6.0514575E9,0.0,113.40042,20744.564,17614.215,1093693.1,0.0,0.0,1.3035663E9,0.0,139171.33
13.0,54.0,60286.8,0.7763151,442.4979,1.2372572E7,0.0,6.398184E8,0.0,51.721783,12178.202,133.90512,35545.03,0.0,0.0,1.2018106E9,0.0,105718.73
13.0,60.0,43816.297,4.546508,164.99382,343311.75,0.0,3.4251098E8,0.0,30.590595,7649.5034,0.0,9101.459,0.0,0.0,3673.4617,0.0,87705.516
13.0,66.0,15722.05,1.0706891,0.0,319.93787,0.0,2.1972307E8,0.0,0.529366,7023.2544,0.0,1.3807,0.0,0.0,2140.0117,0.0,60168.605
13.0,72.0,16158.996,0.30424052,0.0,96.075325,0.0,1.1536476E7,0.0,0.0,3047.556,0.0,0.0,0.0,0.0,519.79614,0.0,48148.28
13.0,78.0,12308.262,1.5235294,0.0,0.0,0.0,2196663.0,0.0,0.0,1088.8062,0.0,0.0,0.0,0.0,0.0,0.0,31404.723
13.0,84.0,9324.872,0.0,0.0,0.0,0.0,652586.44,0.0,0.0,1763.6982,0.0,0.0,0.0,0.0,0.0,0.0,21484.2
13.0,90.0,13963.753,0.0,0.0,0.0,0.0,23987.082,0.0,0.0,898.4273,0.0,0.0,0.0,0.0,0.0,0.0,15373.103
13.0,96.0,5881.164,0.0,0.0,0.0,0.0,17878.549,0.0,0.0,282.00735,0.0,0.0,0.0,0.0,0.0,0.0,11824.021
13.0,102.0,301.7205,0.0,0.0,0.0,0.0,263.54926,0.0,0.0,28.625677,0.0,0.0,0.0,0.0,0.0,0.0,8953.934
13.0,108.0,0.63781357,0.0,0.0,0.0,0.0,81.5595,0.0,0.0,38.05671,0.0,0.0,0.0,0.0,0.0,0.0,7230.0493
13.0,114.0,0.0,0.0,0.0,0.0,0.0,54.533062,0.0,0.0,24.579105,0.0,0.0,0.0,0.0,0.0,0.0,4773.193
13.0,120.0,0.0,0.0,0.0,0.0,0.0,47.964687,0.0,0.0,5.296864,0.0,0.0,0.0,0.0,0.0,0.0,3155.7139
13.0,126.0,0.0,0.0,0.0,0.0,0.0,1097.0944,0.0,0.0,0.0,0.0,0.0,0.0,0.0,0.0,0.0,1744.4626
13.0,132.0,0.0,0.0,0.0,0.0,0.0,578.55774,0.0,0.0,0.0,0.0,0.0,0.0,0.0,0.0,0.0,1027.8826
13.0,138.0,0.0,0.0,0.0,0.0,0.0,73.90915,0.0,0.0,0.0,0.0,0.0,0.0,0.0,0.0,0.0,575.92444
13.0,144.0,0.0,0.0,0.0,0.0,0.0,61.157158,0.0,0.0,0.0,0.0,0.0,0.0,0.0,0.0,0.0,307.2787
13.0,150.0,0.0,0.0,0.0,0.0,0.0,459.19904,0.0,0.0,0.0,0.0,0.0,0.0,0.0,0.0,0.0,231.40506
13.0,156.0,0.0,0.0,0.0,0.0,0.0,667.6881,0.0,0.0,0.0,0.0,0.0,0.0,0.0,0.0,0.0,99.10705
13.0,162.0,0.0,0.0,0.0,0.0,0.0,159.68507,0.0,0.0,0.0,0.0,0.0,0.0,0.0,0.0,0.0,8.49117
13.0,168.0,0.0,0.0,0.0,0.0,0.0,0.0,0.0,0.0,0.0,0.0,0.0,0.0,0.0,0.0,0.0,0.0
13.0,174.0,0.0,0.0,0.0,0.0,0.0,43.392773,0.0,0.0,0.0,0.0,0.0,0.0,0.0,0.0,0.0,0.0
13.0,180.0,0.0,0.0,0.0,0.0,0.0,0.96674746,0.0,0.0,0.0,0.0,0.0,0.0,0.0,0.0,0.0,0.0
13.0,186.0,0.0,0.0,0.0,0.0,0.0,0.0,0.0,0.0,0.0,0.0,0.0,0.0,0.0,0.0,0.0,0.0
13.0,192.0,0.0,0.0,0.0,0.0,0.0,0.0,0.0,0.0,0.0,0.0,0.0,0.0,0.0,0.0,0.0,0.0
13.0,198.0,0.0,0.0,0.0,0.0,0.0,0.0,0.0,0.0,0.0,0.0,0.0,0.0,0.0,0.0,0.0,0.0
13.0,204.0,0.0,0.0,0.0,0.0,0.0,0.0,0.0,0.0,0.0,0.0,0.0,0.0,0.0,0.0,0.0,0.0
14.0,0.0,0.0,54082.574,1.4304928E13,8.7338496E14,0.0,1.4853936E11,0.0,96141.695,3063746.8,1.1553307E7,1.4020486E9,4528644.0,2641679.5,2.179081E14,7261868.5,0.0
14.0,6.0,291162.75,46340.89,8.5091465E12,9.9391315E13,0.0,8.372949E10,0.0,369964.3,4176557.2,428944.88,4.507261E8,142436.06,739093.6,2.690463E13,2185448.8,0.0
14.0,12.0,703792.56,2348.4077,4.285492E12,3.7153447E14,0.0,4.5514572E11,0.0,17740.865,6044381.0,2071.2676,5.5911624E7,2971409.8,354808.03,9.033885E13,1785742.6,142657.88
14.0,18.0,680685.1,764.5685,5.538334E11,4.760355E13,0.0,1.6772242E11,0.0,3206.5706,216504.2,814.6502,1.0127743E8,4119008.8,34757.945,1.21291395E14,93218.42,313286.78
14.0,24.0,317307.3,1188.0626,4.66181E11,6.5043437E12,0.0,1.5372093E11,0.0,194.26016,25092.057,265.68506,1.16878696E8,515790.47,12473.41,4.794345E13,177337.16,325464.5
14.0,30.0,28741.621,746.3234,2.11031E10,3.3722655E12,0.0,1.7853779E11,0.0,106.3592,9256.49,245.67026,7861751.5,6823.9287,772.9383,5.483174E12,52044.69,274887.88
14.0,36.0,12686.614,81.51474,8.139394E9,2.3328446E12,0.0,5.9661193E10,0.0,1034.0365,12294.374,7580.5605,1.4155706E7,0.0,0.0,3.9292222E12,17522.637,198621.02
14.0,42.0,18783.52,116.00598,3.0460204E9,2.2343074E11,0.0,2.8421128E10,0.0,1496.5405,6716.159,54865.61,53613.824,0.0,14.7193365,5.7699E11,8571.16,150237.02
14.0,48.0,15983.118,49.725525,4866.312,4.0181062E8,0.0,3.2101548E10,0.0,128.2397,6106.3174,9950.039,655999.5,0.0,0.0,1.0818228E10,0.0,126773.6
14.0,54.0,45957.74,10.726314,6461.642,3.9373603E8,0.0,2.5690563E9,0.0,36.274372,11624.399,82.00482,14697.903,0.0,0.0,2.6465981E9,0.0,107477.96
14.0,60.0,40368.516,0.20293795,4.2829633,172547.11,0.0,3.260295E8,0.0,31.561625,9791.926,1.5178019,11451.477,0.0,0.0,3.8881725E9,0.0,86232.836
14.0,66.0,36975.016,1.7387942,0.0,2528.1653,0.0,1.8663955E8,0.0,3.9822369,6705.466,0.0,18.162275,0.0,0.0,2.3736271E9,0.0,64633.527
14.0,72.0,21818.787,0.0,0.0,83.73929,0.0,1.185613E8,0.0,0.0,4527.3936,0.0,0.0,0.0,0.0,179.61678,0.0,48073.52
14.0,78.0,9983.262,0.39281324,0.0,0.0,0.0,2836759.0,0.0,0.0,4309.9487,0.0,0.0,0.0,0.0,0.0,0.0,38566.844
14.0,84.0,9315.206,0.0,0.0,0.0,0.0,979656.7,0.0,0.0,474.21063,0.0,0.0,0.0,0.0,0.0,0.0,27269.098
14.0,90.0,5537.426,0.0,0.0,0.0,0.0,66876.56,0.0,0.0,1497.9097,0.0,0.0,0.0,0.0,0.0,0.0,18508.191
14.0,96.0,7830.935,0.0,0.0,0.0,0.0,18174.705,0.0,0.0,695.7645,0.0,0.0,0.0,0.0,0.0,0.0,11545.592
14.0,102.0,421.66318,0.0,0.0,0.0,0.0,3683.4575,0.0,0.0,97.20723,0.0,0.0,0.0,0.0,0.0,0.0,7952.913
14.0,108.0,0.0,0.0,0.0,0.0,0.0,614.84845,0.0,0.0,27.785967,0.0,0.0,0.0,0.0,0.0,0.0,5749.1206
14.0,114.0,0.0,0.0,0.0,0.0,0.0,240.80919,0.0,0.0,20.204718,0.0,0.0,0.0,0.0,0.0,0.0,4235.5312
14.0,120.0,0.0,0.0,0.0,0.0,0.0,52.84241,0.0,0.0,8.42965,0.0,0.0,0.0,0.0,0.0,0.0,3209.2878
14.0,126.0,0.0,0.0,0.0,0.0,0.0,28.229853,0.0,0.0,0.0,0.0,0.0,0.0,0.0,0.0,0.0,2023.6932
14.0,132.0,0.0,0.0,0.0,0.0,0.0,920.81793,0.0,0.0,0.0,0.0,0.0,0.0,0.0,0.0,0.0,1174.595
14.0,138.0,0.0,0.0,0.0,0.0,0.0,129.10698,0.0,0.0,0.0,0.0,0.0,0.0,0.0,0.0,0.0,592.3151
14.0,144.0,0.0,0.0,0.0,0.0,0.0,50.38301,0.0,0.0,0.0,0.0,0.0,0.0,0.0,0.0,0.0,339.15848
14.0,150.0,0.0,0.0,0.0,0.0,0.0,146.02249,0.0,0.0,0.0,0.0,0.0,0.0,0.0,0.0,0.0,153.9273
14.0,156.0,0.0,0.0,0.0,0.0,0.0,338.0891,0.0,0.0,0.0,0.0,0.0,0.0,0.0,0.0,0.0,93.777824
14.0,162.0,0.0,0.0,0.0,0.0,0.0,314.9641,0.0,0.0,0.0,0.0,0.0,0.0,0.0,0.0,0.0,22.884045
14.0,168.0,0.0,0.0,0.0,0.0,0.0,37.488663,0.0,0.0,0.0,0.0,0.0,0.0,0.0,0.0,0.0,0.14008473
14.0,174.0,0.0,0.0,0.0,0.0,0.0,19.561846,0.0,0.0,0.0,0.0,0.0,0.0,0.0,0.0,0.0,0.0
14.0,180.0,0.0,0.0,0.0,0.0,0.0,8.146517,0.0,0.0,0.0,0.0,0.0,0.0,0.0,0.0,0.0,0.0
14.0,186.0,0.0,0.0,0.0,0.0,0.0,0.19578135,0.0,0.0,0.0,0.0,0.0,0.0,0.0,0.0,0.0,0.0
14.0,192.0,0.0,0.0,0.0,0.0,0.0,0.0,0.0,0.0,0.0,0.0,0.0,0.0,0.0,0.0,0.0,0.0
14.0,198.0,0.0,0.0,0.0,0.0,0.0,0.0,0.0,0.0,0.0,0.0,0.0,0.0,0.0,0.0,0.0,0.0
14.0,204.0,0.0,0.0,0.0,0.0,0.0,0.0,0.0,0.0,0.0,0.0,0.0,0.0,0.0,0.0,0.0,0.0
15.0,0.0,0.0,36202.168,2.0724897E13,1.04136314E15,0.0,6.783355E11,0.0,71082.19,3505157.0,3186164.0,5.980665E8,4.814966E7,1446631.1,2.5034814E15,545708.7,0.0
15.0,6.0,222077.75,28331.607,1.26415E13,1.9911386E14,0.0,1.1865337E12,0.0,252173.77,4916268.0,82598.97,6.3843172E7,9.7570136E7,438906.12,3.0682103E13,2318265.5,0.0
15.0,12.0,534539.8,1429.7482,1.2150588E13,3.5522742E14,0.0,1.4400227E12,0.0,3840.868,2.4373432E7,2280.2815,2.6635976E7,1.9737584E7,31832.121,1.8206714E14,53211.816,156073.42
15.0,18.0,245323.64,654.74316,9.2966696E11,1.1355633E14,0.0,4.5820156E11,0.0,1225.1321,111558.83,1536.6512,2542.4795,305319.16,13463.433,2.1102704E14,57278.027,305179.16
15.0,24.0,107812.05,993.8866,3.6964067E11,1.2702779E13,0.0,5.495116E11,0.0,681.7664,8005.18,0.0,469563.06,738065.06,6493.403,4.8629977E13,75842.59,294817.7
15.0,30.0,60047.395,510.32837,5.3227725E10,1.0054888E13,0.0,1.6582289E10,0.0,302.3364,3591.8655,100.13697,75661.79,356557.4,7125.8203,1.1462186E13,4982.0293,240870.28
15.0,36.0,18182.416,71.15283,2.1502546E9,7.117335E11,0.0,1.385844E11,0.0,6.504188,2906.2986,183.70792,7067835.5,329.21585,354.20123,6.216871E12,215.20206,186065.88
15.0,42.0,6459.3613,26.96014,3.9999178E9,7.1265386E11,0.0,1.2898118E10,0.0,1247.8823,2550.2917,11349.03,1152826.1,0.0,7.9444814,6.6566084E12,5.6198525,154255.27
15.0,48.0,8025.125,28.171972,6643.837,8.8561504E8,0.0,2.041705E10,0.0,217.34166,5334.201,4688.323,380601.28,0.0,0.0,1.1592022E10,0.0,126692.37
15.0,54.0,11410.608,12.750816,2262.5225,2.5495072E8,0.0,2.067307E10,0.0,61.377007,7984.7144,31.16041,8409.387,0.0,0.0,2.274974E10,0.0,99156.97
15.0,60.0,11481.445,5.980434,0.43678662,103601.89,0.0,2.053461E9,0.0,31.909985,5779.0957,3.5620823,6536.1216,0.0,0.0,5266287.0,0.0,77046.62
15.0,66.0,28771.465,0.06817222,0.0,12256.345,0.0,2.0115451E8,0.0,10.148438,5835.608,0.0,19.641926,0.0,0.0,6.417643E8,0.0,57336.07
15.0,72.0,26204.312,0.3181939,0.0,104.731094,0.0,4.031896E7,0.0,0.0,5731.054,0.0,0.0,0.0,0.0,25272.398,0.0,47977.89
15.0,78.0,19339.734,0.0,0.0,0.0,0.0,3.1507334E7,0.0,0.0,3198.8303,0.0,0.0,0.0,0.0,0.0,0.0,37861.734
15.0,84.0,7350.801,0.0,0.0,0.0,0.0,1072380.2,0.0,0.0,3563.7532,0.0,0.0,0.0,0.0,0.0,0.0,27004.988
15.0,90.0,7089.856,0.0,0.0,0.0,0.0,310587.75,0.0,0.0,593.20703,0.0,0.0,0.0,0.0,0.0,0.0,19559.588
15.0,96.0,3360.3967,0.0,0.0,0.0,0.0,12004.289,0.0,0.0,868.3653,0.0,0.0,0.0,0.0,0.0,0.0,14819.81
15.0,102.0,1238.4069,0.0,0.0,0.0,0.0,6864.549,0.0,0.0,403.99503,0.0,0.0,0.0,0.0,0.0,0.0,9751.624
15.0,108.0,0.0,0.0,0.0,0.0,0.0,28.81523,0.0,0.0,34.69522,0.0,0.0,0.0,0.0,0.0,0.0,5951.9697
15.0,114.0,0.0,0.0,0.0,0.0,0.0,470.30627,0.0,0.0,17.323189,0.0,0.0,0.0,0.0,0.0,0.0,3678.6042
15.0,120.0,0.0,0.0,0.0,0.0,0.0,363.49072,0.0,0.0,8.667184,0.0,0.0,0.0,0.0,0.0,0.0,2545.0913
15.0,126.0,0.0,0.0,0.0,0.0,0.0,52.903564,0.0,0.0,1.2543942,0.0,0.0,0.0,0.0,0.0,0.0,1897.6606
15.0,132.0,0.0,0.0,0.0,0.0,0.0,48.755882,0.0,0.0,0.0,0.0,0.0,0.0,0.0,0.0,0.0,1251.4741
15.0,138.0,0.0,0.0,0.0,0.0,0.0,571.5921,0.0,0.0,0.0,0.0,0.0,0.0,0.0,0.0,0.0,714.7726
15.0,144.0,0.0,0.0,0.0,0.0,0.0,62.819107,0.0,0.0,0.0,0.0,0.0,0.0,0.0,0.0,0.0,337.2485
15.0,150.0,0.0,0.0,0.0,0.0,0.0,59.668583,0.0,0.0,0.0,0.0,0.0,0.0,0.0,0.0,0.0,175.74115
15.0,156.0,0.0,0.0,0.0,0.0,0.0,141.1404,0.0,0.0,0.0,0.0,0.0,0.0,0.0,0.0,0.0,55.091515
15.0,162.0,0.0,0.0,0.0,0.0,0.0,271.94424,0.0,0.0,0.0,0.0,0.0,0.0,0.0,0.0,0.0,3.6939569
15.0,168.0,0.0,0.0,0.0,0.0,0.0,64.32407,0.0,0.0,0.0,0.0,0.0,0.0,0.0,0.0,0.0,0.0
15.0,174.0,0.0,0.0,0.0,0.0,0.0,4.2368693,0.0,0.0,0.0,0.0,0.0,0.0,0.0,0.0,0.0,0.0
15.0,180.0,0.0,0.0,0.0,0.0,0.0,17.17005,0.0,0.0,0.0,0.0,0.0,0.0,0.0,0.0,0.0,0.0
15.0,186.0,0.0,0.0,0.0,0.0,0.0,0.24431846,0.0,0.0,0.0,0.0,0.0,0.0,0.0,0.0,0.0,0.0
15.0,192.0,0.0,0.0,0.0,0.0,0.0,0.0,0.0,0.0,0.0,0.0,0.0,0.0,0.0,0.0,0.0,0.0
15.0,198.0,0.0,0.0,0.0,0.0,0.0,0.0,0.0,0.0,0.0,0.0,0.0,0.0,0.0,0.0,0.0,0.0
15.0,204.0,0.0,0.0,0.0,0.0,0.0,0.0,0.0,0.0,0.0,0.0,0.0,0.0,0.0,0.0,0.0,0.0
16.0,0.0,0.0,79411.47,1.114082E13,2.316815E15,0.0,7.1491057E12,0.0,63393.766,3820608.8,966257.2,4.8836438E8,5.2236296E7,6400823.5,2.9796172E15,896878.56,0.0
16.0,6.0,133217.61,98641.99,1.278446E13,4.3223977E14,0.0,1.3938224E12,0.0,163529.92,7124313.0,203789.69,3.1892324E7,1.4909709E8,208348.81,3.7640682E13,79480.695,0.0
16.0,12.0,686620.0,1526.5475,3.678756E13,7.03425E14,0.0,2.6792687E12,0.0,6110.8223,5883505.5,3071.959,7452176.0,5.6305292E7,112234.05,3.6733698E14,54326.117,153572.73
16.0,18.0,496293.06,2865.5823,2.6854006E13,3.14004E14,0.0,9.827737E11,0.0,2994.4622,137247.52,2424.89,3.5626596E7,164629.16,213719.94,5.30254E14,140952.55,379920.3
16.0,24.0,192670.45,1519.1423,2.6276848E11,1.5723381E13,0.0,3.0787458E12,0.0,1191.0714,10408.03,7083.655,67175.32,13187.098,573.39484,1.1828589E14,224837.86,404711.84
16.0,30.0,51110.023,383.04364,4.1987777E10,5.4284916E12,0.0,9.2112264E11,0.0,354.451,4924.803,3.031448,1083.3762,548720.2,0.0,5.4090277E13,37186.75,335278.62
16.0,36.0,31904.295,493.31433,1.4313806E8,2.0118982E12,0.0,1.7431134E11,0.0,6.5253243,2023.5045,75.6307,400.53592,12.873276,790.54095,1.7148703E12,47448.574,226285.69
16.0,42.0,13131.623,75.92566,4.6907194E8,1.1706719E11,0.0,4.415973E10,0.0,461.4782,1439.0853,1796.3418,4889788.0,0.0,10.334389,1.2063218E12,9744.065,142617.39
16.0,48.0,7469.832,29.000309,184.90028,2.4828554E11,0.0,2.738381E10,0.0,168.5605,497.37115,1669.4928,241701.11,0.0,0.0,6.636651E9,0.0,110662.55
16.0,54.0,4303.12,17.845366,3601.1165,1.4675354E8,0.0,3.3292035E9,0.0,68.45428,573.84155,9.139316,4746.0146,0.0,0.0,9.379161E9,0.0,88532.73
16.0,60.0,5359.07,7.1860447,15.386669,54837.895,0.0,2.2431318E10,0.0,23.310658,5978.559,4.685984,3956.131,0.0,0.0,89152.8,0.0,78047.62
16.0,66.0,7187.765,2.350266,0.0,8221.003,0.0,7.629115E7,0.0,9.036399,5042.163,0.0,37.795788,0.0,0.0,0.0,0.0,59318.86
16.0,72.0,11261.855,0.0,0.0,42.446167,0.0,8.818851E7,0.0,0.0,4166.1074,0.0,0.0,0.0,0.0,23453.266,0.0,45154.125
16.0,78.0,17432.207,0.0,0.0,0.0,0.0,3.5425836E7,0.0,0.0,2799.9143,0.0,0.0,0.0,0.0,0.0,0.0,33226.188
16.0,84.0,14822.306,0.0,0.0,0.0,0.0,1039297.3,0.0,0.0,3091.965,0.0,0.0,0.0,0.0,0.0,0.0,25802.152
16.0,90.0,6859.3013,0.0,0.0,0.0,0.0,329350.62,0.0,0.0,2306.7566,0.0,0.0,0.0,0.0,0.0,0.0,19511.549
16.0,96.0,3964.6045,0.0,0.0,0.0,0.0,20378.1,0.0,0.0,578.01117,0.0,0.0,0.0,0.0,0.0,0.0,14339.724
16.0,102.0,867.9236,0.0,0.0,0.0,0.0,7374.3896,0.0,0.0,609.6299,0.0,0.0,0.0,0.0,0.0,0.0,9872.839
16.0,108.0,339.20584,0.0,0.0,0.0,0.0,366.6422,0.0,0.0,135.73018,0.0,0.0,0.0,0.0,0.0,0.0,7503.511
16.0,114.0,0.0,0.0,0.0,0.0,0.0,103.99648,0.0,0.0,8.342685,0.0,0.0,0.0,0.0,0.0,0.0,4527.483
16.0,120.0,0.0,0.0,0.0,0.0,0.0,100.6257,0.0,0.0,8.882341,0.0,0.0,0.0,0.0,0.0,0.0,2644.0723
16.0,126.0,0.0,0.0,0.0,0.0,0.0,311.6245,0.0,0.0,2.3427894,0.0,0.0,0.0,0.0,0.0,0.0,1555.7407
16.0,132.0,0.0,0.0,0.0,0.0,0.0,155.91743,0.0,0.0,0.0,0.0,0.0,0.0,0.0,0.0,0.0,1055.3948
16.0,138.0,0.0,0.0,0.0,0.0,0.0,266.883,0.0,0.0,0.0,0.0,0.0,0.0,0.0,0.0,0.0,739.4456
16.0,144.0,0.0,0.0,0.0,0.0,0.0,132.38914,0.0,0.0,0.0,0.0,0.0,0.0,0.0,0.0,0.0,393.50406
16.0,150.0,0.0,0.0,0.0,0.0,0.0,40.38155,0.0,0.0,0.0,0.0,0.0,0.0,0.0,0.0,0.0,178.27443
16.0,156.0,0.0,0.0,0.0,0.0,0.0,101.68645,0.0,0.0,0.0,0.0,0.0,0.0,0.0,0.0,0.0,69.0238
16.0,162.0,0.0,0.0,0.0,0.0,0.0,125.746346,0.0,0.0,0.0,0.0,0.0,0.0,0.0,0.0,0.0,3.4973657
16.0,168.0,0.0,0.0,0.0,0.0,0.0,81.767204,0.0,0.0,0.0,0.0,0.0,0.0,0.0,0.0,0.0,0.0
16.0,174.0,0.0,0.0,0.0,0.0,0.0,11.169221,0.0,0.0,0.0,0.0,0.0,0.0,0.0,0.0,0.0,0.0
16.0,180.0,0.0,0.0,0.0,0.0,0.0,10.800183,0.0,0.0,0.0,0.0,0.0,0.0,0.0,0.0,0.0,0.0
16.0,186.0,0.0,0.0,0.0,0.0,0.0,0.0,0.0,0.0,0.0,0.0,0.0,0.0,0.0,0.0,0.0,0.0
16.0,192.0,0.0,0.0,0.0,0.0,0.0,0.0,0.0,0.0,0.0,0.0,0.0,0.0,0.0,0.0,0.0,0.0
16.0,198.0,0.0,0.0,0.0,0.0,0.0,0.0,0.0,0.0,0.0,0.0,0.0,0.0,0.0,0.0,0.0,0.0
16.0,204.0,0.0,0.0,0.0,0.0,0.0,0.0,0.0,0.0,0.0,0.0,0.0,0.0,0.0,0.0,0.0,0.0
17.0,0.0,0.0,87452.76,7.7333104E12,5.159406E15,0.0,6.600743E12,0.0,7784.7085,1036378.0,948237.0,6.2410624E9,1.477205E7,1.8056862E7,1.9239078E16,1699494.5,0.0
17.0,6.0,104144.47,111759.664,1.0983279E13,8.817273E14,0.0,2.0500203E12,0.0,33003.78,2669708.0,5958.8486,5.762634E7,5.7736136E7,1283526.9,1.4904519E13,606938.3,0.0
17.0,12.0,436981.66,4736.5244,2.9521487E13,2.57112E15,0.0,6.048168E12,0.0,1994.3419,1.4599158E7,7395.7817,763039.56,6.316389E7,92919.59,1.2798735E14,200706.98,149382.5
17.0,18.0,512048.3,141.057,5.1025906E13,5.0542588E14,0.0,2.2412708E13,0.0,2625.1672,34323.434,276.98987,1.1171359E7,2.8318158E7,365836.97,5.654103E14,304162.75,344066.25
17.0,24.0,339929.53,392.23813,9.674992E12,1.260492E14,0.0,2.9338166E12,0.0,1786.0754,28659.969,548.5406,2.9892406E7,130.56737,263243.62,3.0544532E14,31812.736,355026.72
17.0,30.0,81141.695,896.8997,8.161434E10,6.979387E12,0.0,9.5937285E11,0.0,378.92224,25441.678,7453.7363,2.3953796E7,144823.11,0.0,2.5145176E14,72773.78,292657.9
17.0,36.0,32264.623,216.89067,6.4433734E8,1.6490109E12,0.0,1.5415514E12,0.0,410.77982,5629.4893,1734.858,6.7043836E7,0.0,382.79337,2.8195649E13,152502.83,242662.84
17.0,42.0,21082.84,186.56303,49.455513,1.5248559E12,0.0,1.6829391E11,0.0,3.4954598,2526.1663,33.73884,2678223.0,0.0,13.505737,4.9018834E11,29309.643,184225.98
17.0,48.0,20930.125,41.222473,1.1551572,1.1262698E11,0.0,1.09787595E11,0.0,1.7993268,1043.8761,1756.4764,136850.05,0.0,0.0,1.2528749E12,0.0,160658.58
17.0,54.0,7446.308,30.634583,488.18176,6.0682988E7,0.0,2.3323466E10,0.0,32.417282,822.03937,156.50719,8203.772,0.0,0.0,1.0316365E12,0.0,117018.72
17.0,60.0,4983.437,11.789357,58.457294,9355119.0,0.0,3.8636672E9,0.0,29.338137,283.18924,2.9229574,2557.5112,0.0,0.0,5.0847587E11,0.0,80527.19
17.0,66.0,2628.472,5.598357,0.0,8081.301,0.0,1.1200664E10,0.0,8.703029,1953.9017,0.0,29.18926,0.0,0.0,6.89048,0.0,50902.918
17.0,72.0,3581.3071,0.408298,0.0,276.31625,0.0,1.3094532E7,0.0,0.0,4214.744,0.0,0.0,0.0,0.0,0.47974607,0.0,42072.273
17.0,78.0,4751.6294,0.0,0.0,0.0,0.0,5.412946E7,0.0,0.0,3901.099,0.0,0.0,0.0,0.0,0.0,0.0,33845.746
17.0,84.0,10536.172,0.0,0.0,0.0,0.0,8788456.0,0.0,0.0,1173.016,0.0,0.0,0.0,0.0,0.0,0.0,26474.143
17.0,90.0,10386.413,0.0,0.0,0.0,0.0,521632.78,0.0,0.0,1889.186,0.0,0.0,0.0,0.0,0.0,0.0,17166.69
17.0,96.0,5274.075,0.0,0.0,0.0,0.0,57199.688,0.0,0.0,1760.4606,0.0,0.0,0.0,0.0,0.0,0.0,13028.253
17.0,102.0,1575.3121,0.0,0.0,0.0,0.0,3934.6213,0.0,0.0,367.20193,0.0,0.0,0.0,0.0,0.0,0.0,9726.981
17.0,108.0,15.290987,0.0,0.0,0.0,0.0,1130.2775,0.0,0.0,265.38675,0.0,0.0,0.0,0.0,0.0,0.0,7078.8906
17.0,114.0,0.0,0.0,0.0,0.0,0.0,163.01855,0.0,0.0,44.020924,0.0,0.0,0.0,0.0,0.0,0.0,4616.917
17.0,120.0,0.0,0.0,0.0,0.0,0.0,212.91331,0.0,0.0,6.4877768,0.0,0.0,0.0,0.0,0.0,0.0,3279.7817
17.0,126.0,0.0,0.0,0.0,0.0,0.0,46.395317,0.0,0.0,1.1657127,0.0,0.0,0.0,0.0,0.0,0.0,1892.217
17.0,132.0,0.0,0.0,0.0,0.0,0.0,122.14379,0.0,0.0,0.0,0.0,0.0,0.0,0.0,0.0,0.0,989.5313
17.0,138.0,0.0,0.0,0.0,0.0,0.0,272.91193,0.0,0.0,0.0,0.0,0.0,0.0,0.0,0.0,0.0,573.29034
17.0,144.0,0.0,0.0,0.0,0.0,0.0,197.4053,0.0,0.0,0.0,0.0,0.0,0.0,0.0,0.0,0.0,389.77753
17.0,150.0,0.0,0.0,0.0,0.0,0.0,9.704129,0.0,0.0,0.0,0.0,0.0,0.0,0.0,0.0,0.0,201.84784
17.0,156.0,0.0,0.0,0.0,0.0,0.0,46.639355,0.0,0.0,0.0,0.0,0.0,0.0,0.0,0.0,0.0,76.47699
17.0,162.0,0.0,0.0,0.0,0.0,0.0,82.2323,0.0,0.0,0.0,0.0,0.0,0.0,0.0,0.0,0.0,12.15677
17.0,168.0,0.0,0.0,0.0,0.0,0.0,61.58372,0.0,0.0,0.0,0.0,0.0,0.0,0.0,0.0,0.0,0.0
17.0,174.0,0.0,0.0,0.0,0.0,0.0,22.898281,0.0,0.0,0.0,0.0,0.0,0.0,0.0,0.0,0.0,0.0
17.0,180.0,0.0,0.0,0.0,0.0,0.0,6.69479,0.0,0.0,0.0,0.0,0.0,0.0,0.0,0.0,0.0,0.0
17.0,186.0,0.0,0.0,0.0,0.0,0.0,4.477654,0.0,0.0,0.0,0.0,0.0,0.0,0.0,0.0,0.0,0.0
17.0,192.0,0.0,0.0,0.0,0.0,0.0,0.0,0.0,0.0,0.0,0.0,0.0,0.0,0.0,0.0,0.0,0.0
17.0,198.0,0.0,0.0,0.0,0.0,0.0,0.0,0.0,0.0,0.0,0.0,0.0,0.0,0.0,0.0,0.0,0.0
17.0,204.0,0.0,0.0,0.0,0.0,0.0,0.0,0.0,0.0,0.0,0.0,0.0,0.0,0.0,0.0,0.0,0.0
18.0,0.0,0.0,68834.8,1.7216807E15,1.5546523E16,0.0,2.517828E13,0.0,25799.633,2022037.1,907786.56,3.404043E9,7.734743E7,2.9841198E7,2.7365622E16,3057023.5,0.0
18.0,6.0,90674.195,71821.61,3.060502E14,6.376824E15,0.0,2.001295E12,0.0,200788.02,9700741.0,43483.027,7.8825395E8,9269836.0,2.2720624E7,2.6288488E14,1772724.0,0.0
18.0,12.0,393399.16,8051.3955,2.7818145E13,7.4121794E15,0.0,4.245311E12,0.0,3903.6262,6264460.0,1997.7518,5.0561828E7,1.2132104E7,1430178.5,2.6090904E15,324575.84,147391.9
18.0,18.0,400583.4,938.59924,2.2589478E12,3.623949E15,0.0,8.550618E12,0.0,1640.84,141461.61,24.324814,4.263257E8,3.256668E7,101351.97,3.1282461E15,143886.92,349382.28
18.0,24.0,208759.73,173.24911,4.0920523E13,3.0781816E14,0.0,5.582109E13,0.0,1271.3195,7862.562,22.10835,2.3643366E7,1.3845273E7,63351.35,1.2275341E15,407127.97,379901.47
18.0,30.0,101761.78,5.6939945,1.1950042E11,6.7963193E13,0.0,1.4809244E13,0.0,1243.8934,13516.822,0.0,32649.42,2.1112356,301.46457,1.16925644E14,164558.92,311453.56
18.0,36.0,63786.094,154.8767,1.5558151E10,3.963397E12,0.0,7.444787E12,0.0,937.6062,11750.622,5151.8013,3.7931676E7,383.45514,201.9067,2.4455145E13,41132.703,226365.17
18.0,42.0,27465.193,197.22638,4.9748413E8,1.9056558E12,0.0,1.3501484E12,0.0,252.57625,7270.9395,1823.8843,4.0794924E7,0.0,4.2304583,6.167193E12,9213.604,174437.39
18.0,48.0,10884.127,6.6325765,3262.5613,9.056364E11,0.0,2.0710508E11,0.0,8.233517,5869.6187,575.8326,74534.805,0.0,0.0,1.5137768E13,0.0,139331.14
18.0,54.0,11915.879,18.215124,0.5035706,1.853456E10,0.0,1.5598166E11,0.0,9.067816,1356.2758,313.1757,17821.94,0.0,0.0,1.7635522E13,0.0,119134.95
18.0,60.0,12759.618,24.1179,8.821427,8387967.5,0.0,5.7076097E10,0.0,35.056393,788.12024,4.2793922,1396.4609,0.0,0.0,4.5274215E11,0.0,94688.7
18.0,66.0,4300.443,6.8905926,0.0,4259.4346,0.0,6.463281E9,0.0,9.227841,772.4669,0.0,27.93559,0.0,0.0,8.37248,0.0,71375.234
18.0,72.0,2789.9797,3.3321335,0.0,314.13184,0.0,1.281198E8,0.0,0.0,1126.1927,0.0,0.0,0.0,0.0,0.30931,0.0,54761.41
18.0,78.0,1593.7675,0.0,0.0,0.0,0.0,2.6590842E7,0.0,0.0,2919.1252,0.0,0.0,0.0,0.0,0.0,0.0,36072.23
18.0,84.0,2869.4368,0.0,0.0,0.0,0.0,1.4444865E7,0.0,0.0,2557.6003,0.0,0.0,0.0,0.0,0.0,0.0,22694.613
18.0,90.0,5382.152,0.0,0.0,0.0,0.0,245379.52,0.0,0.0,732.3998,0.0,0.0,0.0,0.0,0.0,0.0,17773.1
18.0,96.0,6898.551,0.0,0.0,0.0,0.0,131175.73,0.0,0.0,1525.0671,0.0,0.0,0.0,0.0,0.0,0.0,13620.699
18.0,102.0,3438.7698,0.0,0.0,0.0,0.0,3184.45,0.0,0.0,746.40765,0.0,0.0,0.0,0.0,0.0,0.0,8899.171
18.0,108.0,239.81273,0.0,0.0,0.0,0.0,2395.8127,0.0,0.0,227.22722,0.0,0.0,0.0,0.0,0.0,0.0,6247.7466
18.0,114.0,0.0,0.0,0.0,0.0,0.0,57.22471,0.0,0.0,75.62458,0.0,0.0,0.0,0.0,0.0,0.0,4532.294
18.0,120.0,0.0,0.0,0.0,0.0,0.0,0.015376285,0.0,0.0,4.798481,0.0,0.0,0.0,0.0,0.0,0.0,3088.4524
18.0,126.0,0.0,0.0,0.0,0.0,0.0,144.83255,0.0,0.0,0.8872046,0.0,0.0,0.0,0.0,0.0,0.0,2035.994
18.0,132.0,0.0,0.0,0.0,0.0,0.0,119.140495,0.0,0.0,0.0,0.0,0.0,0.0,0.0,0.0,0.0,1245.6544
18.0,138.0,0.0,0.0,0.0,0.0,0.0,23.081367,0.0,0.0,0.0,0.0,0.0,0.0,0.0,0.0,0.0,620.12195
18.0,144.0,0.0,0.0,0.0,0.0,0.0,294.45163,0.0,0.0,0.0,0.0,0.0,0.0,0.0,0.0,0.0,309.41428
18.0,150.0,0.0,0.0,0.0,0.0,0.0,55.24574,0.0,0.0,0.0,0.0,0.0,0.0,0.0,0.0,0.0,193.79094
18.0,156.0,0.0,0.0,0.0,0.0,0.0,19.424797,0.0,0.0,0.0,0.0,0.0,0.0,0.0,0.0,0.0,83.483376
18.0,162.0,0.0,0.0,0.0,0.0,0.0,41.00968,0.0,0.0,0.0,0.0,0.0,0.0,0.0,0.0,0.0,15.380901
18.0,168.0,0.0,0.0,0.0,0.0,0.0,53.990425,0.0,0.0,0.0,0.0,0.0,0.0,0.0,0.0,0.0,0.0
18.0,174.0,0.0,0.0,0.0,0.0,0.0,20.602428,0.0,0.0,0.0,0.0,0.0,0.0,0.0,0.0,0.0,0.0
18.0,180.0,0.0,0.0,0.0,0.0,0.0,4.3562307,0.0,0.0,0.0,0.0,0.0,0.0,0.0,0.0,0.0,0.0
18.0,186.0,0.0,0.0,0.0,0.0,0.0,4.3364334,0.0,0.0,0.0,0.0,0.0,0.0,0.0,0.0,0.0,0.0
18.0,192.0,0.0,0.0,0.0,0.0,0.0,0.0,0.0,0.0,0.0,0.0,0.0,0.0,0.0,0.0,0.0,0.0
18.0,198.0,0.0,0.0,0.0,0.0,0.0,0.0,0.0,0.0,0.0,0.0,0.0,0.0,0.0,0.0,0.0,0.0
18.0,204.0,0.0,0.0,0.0,0.0,0.0,0.0,0.0,0.0,0.0,0.0,0.0,0.0,0.0,0.0,0.0,0.0
19.0,0.0,0.0,55717.41,6.012637E14,8.075846E16,0.0,2.7907485E13,0.0,32119.56,871228.8,633647.0,3.96743E9,4.8520214E8,2.0389554E7,2.732377E16,1779042.0,0.0
19.0,6.0,75623.03,71852.27,2.630861E14,1.6448999E16,0.0,2.4093823E13,0.0,147513.64,1880105.5,19212.367,5.812481E8,9.367266E8,1549926.9,4.515061E15,2267897.5,0.0
19.0,12.0,290549.56,3205.0496,5.9472224E14,1.1016198E16,0.0,1.2357157E14,0.0,4361.8125,6675865.0,589.649,9.583844E8,1.4029331E7,558847.06,1.2308097E16,183929.62,156858.78
19.0,18.0,171262.33,1617.4271,3.4575506E13,8.951787E15,0.0,8.523143E12,0.0,1084.9618,110448.21,330.26157,8.2059515E9,253002.47,146830.16,1.1594519E16,63524.402,369269.84
19.0,24.0,50489.6,555.9073,2.7833142E12,9.4424326E14,0.0,1.4583464E13,0.0,1239.7882,24091.72,109.432274,9.460759E9,1.1580474E7,55957.918,5.0747057E15,170762.6,392054.7
19.0,30.0,44509.316,213.16537,5.2682723E12,8.7852675E13,0.0,1.5799146E13,0.0,236.85158,1867.0339,29.092234,1.931608E7,28412.797,2.767065,9.433123E14,92367.836,328603.88
19.0,36.0,13059.967,0.0,4.725393E10,4.6524747E13,0.0,2.0504335E13,0.0,449.77756,3874.976,0.0,353650.22,159.1602,0.63165045,3.064025E12,29088.428,235551.66
19.0,42.0,26775.607,7.561226,1.8766694E10,6.531069E12,0.0,6.7573965E12,0.0,108.24241,1288.7609,2788.8616,4.3890776E7,0.0,1.9514877,2.624006E12,5318.0513,170937.83
19.0,48.0,23908.65,85.43927,382981.25,1.8491453E12,0.0,1.2887496E12,0.0,261.70126,3457.841,497.70462,591099.5,0.0,0.0,3.2525622E12,0.0,151714.61
19.0,54.0,13948.457,12.726365,2.4416718,1.1822963E11,0.0,1.4474109E12,0.0,14.117734,5395.2593,458.2799,38219.156,0.0,0.0,5.9216853E13,0.0,112116.65
19.0,60.0,6103.643,8.347935,0.14525269,2.469903E10,0.0,3.352396E10,0.0,28.291832,1126.5824,2.2047536,1181.0193,0.0,0.0,5.1614347E10,0.0,92884.01
19.0,66.0,8362.16,15.934059,0.0,3461.5974,0.0,3.0770887E10,0.0,8.505642,745.68665,0.0,28.240599,0.0,0.0,5.81574E9,0.0,63743.68
19.0,72.0,6506.928,5.503575,0.0,148.51263,0.0,3.0791964E9,0.0,0.0,660.0415,0.0,0.4461432,0.0,0.0,0.0,0.0,54020.875
19.0,78.0,2136.3962,0.5815752,0.0,0.0,0.0,4264173.5,0.0,0.0,1189.9425,0.0,0.0,0.0,0.0,0.0,0.0,41513.152
19.0,84.0,1107.2659,0.0,0.0,0.0,0.0,1.8983326E7,0.0,0.0,2209.6348,0.0,0.0,0.0,0.0,0.0,0.0,31267.705
19.0,90.0,1762.5667,0.0,0.0,0.0,0.0,666463.06,0.0,0.0,1203.0916,0.0,0.0,0.0,0.0,0.0,0.0,21873.646
19.0,96.0,2904.0051,0.0,0.0,0.0,0.0,146372.45,0.0,0.0,615.52563,0.0,0.0,0.0,0.0,0.0,0.0,12732.89
19.0,102.0,4324.816,0.0,0.0,0.0,0.0,12725.601,0.0,0.0,976.4628,0.0,0.0,0.0,0.0,0.0,0.0,8861.445
19.0,108.0,702.17413,0.0,0.0,0.0,0.0,1897.1501,0.0,0.0,310.89542,0.0,0.0,0.0,0.0,0.0,0.0,6699.835
19.0,114.0,0.0,0.0,0.0,0.0,0.0,161.72784,0.0,0.0,82.73883,0.0,0.0,0.0,0.0,0.0,0.0,4164.6777
19.0,120.0,0.0,0.0,0.0,0.0,0.0,180.48479,0.0,0.0,15.141066,0.0,0.0,0.0,0.0,0.0,0.0,2778.4495
19.0,126.0,0.0,0.0,0.0,0.0,0.0,1.5162585,0.0,0.0,1.4325728,0.0,0.0,0.0,0.0,0.0,0.0,1942.6234
19.0,132.0,0.0,0.0,0.0,0.0,0.0,37.290215,0.0,0.0,0.059334606,0.0,0.0,0.0,0.0,0.0,0.0,1204.9805
19.0,138.0,0.0,0.0,0.0,0.0,0.0,123.81119,0.0,0.0,0.0,0.0,0.0,0.0,0.0,0.0,0.0,748.31976
19.0,144.0,0.0,0.0,0.0,0.0,0.0,50.580257,0.0,0.0,0.0,0.0,0.0,0.0,0.0,0.0,0.0,367.46283
19.0,150.0,0.0,0.0,0.0,0.0,0.0,172.01288,0.0,0.0,0.0,0.0,0.0,0.0,0.0,0.0,0.0,156.49597
19.0,156.0,0.0,0.0,0.0,0.0,0.0,21.373196,0.0,0.0,0.0,0.0,0.0,0.0,0.0,0.0,0.0,76.91063
19.0,162.0,0.0,0.0,0.0,0.0,0.0,21.21943,0.0,0.0,0.0,0.0,0.0,0.0,0.0,0.0,0.0,12.66652
19.0,168.0,0.0,0.0,0.0,0.0,0.0,40.939373,0.0,0.0,0.0,0.0,0.0,0.0,0.0,0.0,0.0,0.0
19.0,174.0,0.0,0.0,0.0,0.0,0.0,10.604198,0.0,0.0,0.0,0.0,0.0,0.0,0.0,0.0,0.0,0.0
19.0,180.0,0.0,0.0,0.0,0.0,0.0,4.600271,0.0,0.0,0.0,0.0,0.0,0.0,0.0,0.0,0.0,0.0
19.0,186.0,0.0,0.0,0.0,0.0,0.0,3.6305828,0.0,0.0,0.0,0.0,0.0,0.0,0.0,0.0,0.0,0.0
19.0,192.0,0.0,0.0,0.0,0.0,0.0,0.0,0.0,0.0,0.0,0.0,0.0,0.0,0.0,0.0,0.0,0.0
19.0,198.0,0.0,0.0,0.0,0.0,0.0,0.0,0.0,0.0,0.0,0.0,0.0,0.0,0.0,0.0,0.0,0.0
19.0,204.0,0.0,0.0,0.0,0.0,0.0,0.0,0.0,0.0,0.0,0.0,0.0,0.0,0.0,0.0,0.0,0.0
20.0,0.0,0.0,39287.84,7.07023E14,1.7071897E17,0.0,5.071135E14,0.0,28609.88,976230.2,509915.56,3.478087E9,6960696.0,6.4229274E8,1.30352515E17,1730463.0,0.0
20.0,6.0,58404.406,40355.156,6.883746E14,5.3173933E16,0.0,1.9709263E14,0.0,112931.484,4659084.5,231247.39,8.836069E7,1.2508842E8,1482135.2,6.566923E15,312247.6,0.0
20.0,12.0,296252.3,2216.3052,1.1388755E15,2.7804725E16,0.0,2.618567E14,0.0,5445.346,2351093.0,194819.52,4116331.2,2.2204772E7,6044153.5,3.0023767E16,248555.62,161783.0
20.0,18.0,172020.12,1507.505,8.595178E13,4.3700425E15,0.0,8.7816136E14,0.0,1060.8583,42361.72,1832.517,325763.84,437166.88,1.4886064E7,4.896078E16,277772.75,345983.28
20.0,24.0,93507.81,736.4021,1.7970609E13,3.155683E15,0.0,1.4580941E14,0.0,2407.074,25721.312,2.882017,1.4612447E10,27102.844,64552.582,9.137818E15,198741.38,365302.12
20.0,30.0,25203.3,245.95026,8.341904E11,2.968433E14,0.0,3.1828847E13,0.0,1303.4177,6055.542,77.67973,4.6940348E7,56116.844,6.543441,3.1854108E15,73883.12,305126.8
20.0,36.0,341.36044,257.17996,3.788472E10,5.6285384E12,0.0,1.2462716E13,0.0,209.8813,3592.35,33.858105,12041.298,1.2632748,0.0,5.7255256E14,14879.129,223551.19
20.0,42.0,5761.1816,20.346012,3.0088075E10,1.9754836E13,0.0,7.787723E12,0.0,139.4694,1158.1943,0.0,283697.5,0.0,0.9150775,9.3533024E8,7104.4106,189012.64
20.0,48.0,5635.236,3.3294356,70704.875,9.797748E11,0.0,2.9272045E12,0.0,194.47554,756.69995,1789.5054,2.4101036E7,0.0,0.0,2.150138E11,0.0,151935.11
20.0,54.0,14575.244,46.1293,0.0,3.100083E11,0.0,3.2855522E12,0.0,94.843636,924.66925,238.40051,19439.107,0.0,0.0,2.702429E12,0.0,122630.055
20.0,60.0,15740.954,3.2994242,0.0,4.4216205E10,0.0,6.357038E11,0.0,22.387419,3670.7993,0.14448611,3287.2412,0.0,0.0,6.889849E9,0.0,87422.75
20.0,66.0,6989.187,4.577308,0.0,9339.742,0.0,1.843883E10,0.0,9.163485,2170.8743,0.25312844,18.916126,0.0,0.0,9.688196E9,0.0,66590.83
20.0,72.0,2622.212,9.630533,0.0,364.55814,0.0,2.033082E10,0.0,0.0,623.47656,0.0,4.2093167,0.0,0.0,0.0,0.0,49361.44
20.0,78.0,5524.531,2.092362,0.0,0.0,0.0,6.905809E7,0.0,0.0,690.9624,0.0,0.0,0.0,0.0,0.0,0.0,40454.88
20.0,84.0,2102.0889,0.0,0.0,0.0,0.0,9791837.0,0.0,0.0,739.968,0.0,0.0,0.0,0.0,0.0,0.0,29537.89
20.0,90.0,1018.2775,0.0,0.0,0.0,0.0,2863761.5,0.0,0.0,1720.625,0.0,0.0,0.0,0.0,0.0,0.0,21723.87
20.0,96.0,888.547,0.0,0.0,0.0,0.0,372633.84,0.0,0.0,478.19507,0.0,0.0,0.0,0.0,0.0,0.0,15721.932
20.0,102.0,1868.4457,0.0,0.0,0.0,0.0,27286.46,0.0,0.0,428.2352,0.0,0.0,0.0,0.0,0.0,0.0,11570.34
20.0,108.0,739.1325,0.0,0.0,0.0,0.0,1224.5251,0.0,0.0,624.9079,0.0,0.0,0.0,0.0,0.0,0.0,6771.5884
20.0,114.0,0.0,0.0,0.0,0.0,0.0,17.102398,0.0,0.0,69.33169,0.0,0.0,0.0,0.0,0.0,0.0,4085.9258
20.0,120.0,0.0,0.0,0.0,0.0,0.0,11.005943,0.0,0.0,27.571201,0.0,0.0,0.0,0.0,0.0,0.0,2918.9448
20.0,126.0,0.0,0.0,0.0,0.0,0.0,157.38481,0.0,0.0,0.841889,0.0,0.0,0.0,0.0,0.0,0.0,1729.0026
20.0,132.0,0.0,0.0,0.0,0.0,0.0,45.04164,0.0,0.0,0.0,0.0,0.0,0.0,0.0,0.0,0.0,1139.0199
20.0,138.0,0.0,0.0,0.0,0.0,0.0,5.986597,0.0,0.0,0.0,0.0,0.0,0.0,0.0,0.0,0.0,690.6464
20.0,144.0,0.0,0.0,0.0,0.0,0.0,113.44831,0.0,0.0,0.0,0.0,0.0,0.0,0.0,0.0,0.0,402.80356
20.0,150.0,0.0,0.0,0.0,0.0,0.0,51.214764,0.0,0.0,0.0,0.0,0.0,0.0,0.0,0.0,0.0,193.60596
20.0,156.0,0.0,0.0,0.0,0.0,0.0,79.14368,0.0,0.0,0.0,0.0,0.0,0.0,0.0,0.0,0.0,62.543133
20.0,162.0,0.0,0.0,0.0,0.0,0.0,15.746732,0.0,0.0,0.0,0.0,0.0,0.0,0.0,0.0,0.0,10.417637
20.0,168.0,0.0,0.0,0.0,0.0,0.0,23.428411,0.0,0.0,0.0,0.0,0.0,0.0,0.0,0.0,0.0,0.0
20.0,174.0,0.0,0.0,0.0,0.0,0.0,5.679778,0.0,0.0,0.0,0.0,0.0,0.0,0.0,0.0,0.0,0.0
20.0,180.0,0.0,0.0,0.0,0.0,0.0,5.7415485,0.0,0.0,0.0,0.0,0.0,0.0,0.0,0.0,0.0,0.0
20.0,186.0,0.0,0.0,0.0,0.0,0.0,3.1928647,0.0,0.0,0.0,0.0,0.0,0.0,0.0,0.0,0.0,0.0
20.0,192.0,0.0,0.0,0.0,0.0,0.0,0.0,0.0,0.0,0.0,0.0,0.0,0.0,0.0,0.0,0.0,0.0
20.0,198.0,0.0,0.0,0.0,0.0,0.0,0.0,0.0,0.0,0.0,0.0,0.0,0.0,0.0,0.0,0.0,0.0
20.0,204.0,0.0,0.0,0.0,0.0,0.0,0.0,0.0,0.0,0.0,0.0,0.0,0.0,0.0,0.0,0.0,0.0
