"Mean biomass (tons), excluding first ages specified in input"
"Time","lesserSpottedDogfish","redMullet","pouting","whiting","poorCod","cod","dragonet","sole","plaice","horseMackerel","mackerel","herring","sardine","squids","cuttlefish","thornbackRay"
0.083333336,20143.887,3325.9456,15629.056,29247.64,14258.858,7165.0127,17477.52,17158.78,11289.976,150929.72,45430.38,404474.84,82138.625,86193.27,36127.555,6879.4277
0.16666667,15828.153,1730.2773,3027.9517,27406.11,6493.8623,7234.884,4749.5825,2678.4927,4286.23,50292.6,20171.258,105626.875,31471.32,61110.152,33208.4,6908.0957
0.25,13120.782,1886.6698,2520.6353,23883.988,4359.055,7373.747,3837.84,2609.9045,3683.617,45251.188,17181.535,81918.5,30131.389,46196.926,28793.697,6936.805
0.33333334,11321.027,2189.7595,2513.9465,21345.432,2564.3096,7631.3574,3122.442,2504.4187,3499.4766,42956.156,16434.814,91752.07,68732.85,27020.219,20953.03,6966.113
0.41666666,9555.887,2345.9082,2469.6309,19848.225,1945.3575,7853.577,2529.505,2230.0354,3367.1694,40828.13,15861.91,150339.56,78106.67,14213.54,209.40895,7020.5635
0.5,7970.6733,2057.1199,2344.3042,19091.773,1760.997,8170.8765,1998.8743,1843.553,4137.7725,37807.45,13172.913,376373.5,49472.598,12199.023,171.97069,7077.1846
0.5833333,6823.209,1768.552,2004.032,38343.844,1466.5282,11380.491,1461.9958,1361.0088,5009.182,33682.727,9375.371,1586320.8,24943.654,10524.085,159.34077,7104.112
0.6666667,6227.6475,1415.2698,5504.36,42811.203,6055.122,18540.883,1453.8375,1352.6982,4457.3335,30379.102,7597.935,5320853.5,16229.452,7759.8994,149.08835,7074.5347
0.75,5809.7466,1410.2518,11232.59,47592.234,11144.352,18734.426,1778.9685,2226.6235,5152.1016,29705.453,6327.175,6294406.0,12653.492,10378.909,138.56528,7042.3174
0.8333333,5287.8936,1374.9685,14482.651,48062.195,19535.445,22113.033,1942.3081,4060.8516,5844.016,8420.095,5302.694,56244.645,9822.98,11496.744,1938.2113,7013.4014
0.9166667,5241.7393,2316.2375,13736.652,38716.88,26667.678,19063.29,2012.7218,4832.3633,5340.6772,11289.275,7074.626,6284.3022,36145.277,11466.197,2742.2354,7001.8677
1.0,5605.795,2473.2317,9960.411,36926.06,21305.352,10421.1,2279.9302,4455.2866,4857.086,9574.435,7584.244,5919.8027,36732.8,9646.825,2135.4165,7013.564
1.0833334,5365.703,2741.3708,4280.401,17395.857,10021.351,9630.611,1784.6124,3134.005,4230.6626,4372.8755,5044.4194,4504.1084,14025.368,2912.1829,1906.1989,6956.9365
1.1666666,4797.66,2371.544,1585.6492,9221.654,7106.1504,8893.606,1440.2777,2276.9268,3760.0771,3488.2764,5651.868,3634.1448,13225.072,2001.1552,1827.9835,6830.4424
1.25,4469.031,2753.4534,1319.1251,6913.125,7330.291,8731.139,1357.0806,1967.5983,3542.4985,4177.9585,6946.0767,2938.6392,15671.036,1515.8889,1711.3699,6721.8555
1.3333334,4242.253,3648.1216,1233.6003,5602.6416,7747.9346,8228.899,1346.5421,1766.6431,3332.5295,5128.3975,7859.0376,2934.3904,52877.277,994.3411,1556.4999,6635.307
1.4166666,3973.5796,4066.242,1191.1307,4534.421,8324.836,7968.4736,1163.8739,1492.764,2983.2842,5689.774,7758.1763,7690.474,68627.75,6887.3936,21.77143,6551.1978
1.5,3552.1892,2805.79,996.28705,3708.8767,8695.656,8338.999,956.8212,1202.0289,3987.7417,5286.192,7113.512,16645.82,48022.78,8912.915,20.310265,6468.477
1.5833334,3012.9167,1626.7202,829.0884,18100.184,7657.543,10407.065,714.896,836.4941,4395.9478,4249.2715,5258.3687,31991.602,23549.107,15300.377,17.730707,6372.9707
1.6666666,2657.0774,1315.4626,3567.0273,18637.934,10195.979,10603.491,1119.4004,898.85614,5019.3457,3344.3977,2781.6213,38314.164,17742.807,16104.409,14.928116,6238.6084
1.75,2343.1714,1235.4928,10382.815,19158.832,22115.68,9283.93,1949.1459,2117.96,6445.995,3930.5002,1951.8063,41319.45,16557.184,12354.508,13.746057,6108.5425
1.8333334,2096.3577,1185.6152,10511.896,15614.118,32670.492,8615.449,2949.1675,4473.333,6844.5796,4560.4087,1338.3153,584.27704,16660.502,10549.332,1802.5331,5982.0854
1.9166666,1926.6597,1762.9923,13240.736,23868.727,43289.523,7867.0347,3170.1067,5278.9062,6372.7236,7230.5825,4147.9336,481.239,28965.842,7936.315,1777.6974,5859.7246
2.0,2062.0327,2245.5024,7757.1,14780.268,37897.926,6654.506,2819.1975,5364.6064,5056.6777,7105.417,7376.199,373.38168,31395.932,5279.4277,1682.304,5752.758
2.0833333,2171.0198,3081.1567,3180.6462,8161.703,15825.399,6294.7104,2373.6665,4525.3774,4839.2446,4402.3506,3619.4143,301.29648,16976.215,4093.391,1580.1395,5780.335
2.1666667,2130.9397,2899.5244,2281.231,5600.0913,10028.051,6325.546,2080.487,3483.5933,4527.502,3291.9336,3551.7651,227.34923,14533.753,2653.8464,1501.6389,5813.2866
2.25,2165.0144,3380.9438,2321.4478,3914.957,10425.442,6244.091,1964.4185,3247.545,4492.5664,4858.3086,5915.9175,189.89789,16610.893,2723.6353,1400.3812,5872.651
2.3333333,2217.8545,4706.173,2273.427,3969.7544,11135.452,6036.676,1782.1217,3191.0574,4674.467,6256.933,8580.617,189.73257,52036.605,2922.9192,1283.6334,5931.6367
2.4166667,2238.9897,5311.806,2072.868,4023.2234,11762.23,5938.497,1755.9044,2779.7095,4579.6147,8363.975,9613.909,221.82227,61841.8,6601.848,18.404587,5986.085
2.5,2179.1792,3779.1323,2003.9716,4016.0466,12091.183,7026.6724,1002.99725,2054.366,6013.1523,10422.682,10037.242,246.96512,39410.49,12444.114,18.819954,6039.644
2.5833333,2010.8588,1859.5151,1523.0619,21310.092,10136.455,11309.627,690.1613,1406.6753,5558.1465,10484.317,8709.212,351.45602,23028.736,18736.635,19.13208,6087.0376
2.6666667,1850.6705,1518.9396,4175.5884,28054.184,12038.683,14030.147,1047.5399,1481.6511,5464.5977,7208.3154,5750.6694,437.9316,19707.305,18922.525,18.469028,6092.606
2.75,1780.4104,1473.879,9442.22,17331.17,18436.88,14457.426,1557.9764,2923.8247,7251.455,6237.427,4983.101,468.96182,21280.25,20614.41,16.969011,6098.7173
2.8333333,1701.7572,1455.0421,14236.111,19268.459,24796.844,12526.269,1936.5911,5840.533,7746.6797,7311.4277,4136.55,5.6948233,19788.371,17035.844,1508.993,6113.3477
2.9166667,1704.2981,1973.6365,13971.3,16408.818,35201.566,14663.099,2244.7275,6361.564,6708.537,8829.53,5383.428,4.644588,27150.527,14395.768,2028.9027,6127.159
3.0,1809.6956,2523.6538,9622.867,19372.225,29720.158,13186.698,1953.425,4773.6987,5709.58,8204.559,11154.406,3.9402075,31701.594,10901.973,1457.2069,6149.81
3.0833333,1670.7896,3068.2822,4313.701,13488.724,13613.223,9725.555,1738.5165,3995.3413,5573.4453,4739.32,7348.206,2.5373924,13430.858,7583.6924,1430.8486,6139.8447
3.1666667,1394.7482,3027.0024,2411.559,8024.8354,9417.322,6268.7344,1709.2808,2939.1619,5341.972,2386.456,3378.6465,1.5887482,12493.814,4041.2378,1358.1388,6080.2666
3.25,1284.821,3697.6504,2316.02,4048.5103,9642.737,5989.976,1698.852,2737.1074,5241.597,2719.356,4175.6323,1.0311393,14499.148,2367.0103,1265.354,5885.304
3.3333333,1262.6613,4951.829,2369.373,3574.9368,10115.995,5800.864,1676.8348,2529.0598,5082.349,3251.568,5608.495,0.9692023,43294.1,1487.353,1156.8472,5878.6504
3.4166667,1233.8976,5299.7905,2397.2708,3225.6106,10675.973,5504.1675,1433.7687,2140.3398,4708.9023,3819.3208,6516.4673,1.5233489,74720.9,9790.535,16.898985,5869.578
3.5,1174.3439,3667.394,2212.188,2945.9358,10608.715,6528.2217,1127.7697,1698.4529,5974.111,4285.3843,5431.3,34.47262,48049.03,7339.3174,16.568895,5862.0605
3.5833333,1100.2482,2433.3623,1787.2314,14065.813,9046.183,10676.047,771.86035,1252.1365,5976.1733,4163.847,4205.068,125.533,24614.994,7714.676,16.204338,5843.8135
3.6666667,1041.112,1690.5521,5318.157,30421.889,12084.599,10372.59,1030.2382,1282.9706,5691.02,3725.3704,3363.5693,173.28217,18800.63,11860.563,15.024052,5750.9263
3.75,982.08765,1575.9213,13058.219,23166.928,22853.955,11987.063,1849.6024,3064.7126,7373.833,4592.121,2725.3958,192.60323,17286.396,11241.805,14.130344,5705.0103
3.8333333,921.6111,1557.6987,18133.703,24678.926,33480.816,14111.061,2491.0608,4713.606,7797.8716,6295.8584,2085.8386,2.367499,16133.143,12937.467,1354.3945,5655.5825
3.9166667,878.9382,2075.3962,17076.346,27554.193,44467.355,11130.663,2690.7222,5122.01,7437.7974,7576.2764,4451.533,2.1463192,20795.58,12608.178,1919.2125,5607.48
4.0,897.41205,2616.3765,8693.845,17795.729,35936.21,8621.286,2770.5142,4762.761,6323.4194,6397.0635,7113.288,1.7880874,29458.568,4519.017,1659.8022,5536.5596
4.0833335,917.7811,3205.0889,3954.0166,9790.263,15781.95,6717.648,2493.6262,3385.0686,5512.9893,2967.5996,3055.9397,1.1956848,13691.791,3917.7249,1600.0764,5489.3633
4.1666665,875.0033,3091.766,2371.288,4036.397,12010.628,5107.727,2162.4324,2892.4456,5145.059,2507.4648,3151.493,0.9992435,11921.461,2734.1855,1521.6217,5415.314
4.25,843.34845,3684.3596,2123.881,2540.578,12294.932,4993.6387,2337.3535,2749.7646,5078.216,3272.7227,4707.0254,0.65544236,13907.297,1637.864,1420.0447,5370.3306
4.3333335,839.2792,4626.647,2144.1274,1895.4701,13136.28,4773.318,2333.3376,2685.6643,4947.772,4140.9443,6400.7524,0.6435628,38367.016,1503.6864,1301.8978,5326.0293
4.4166665,823.9936,4403.685,2157.6838,1735.1888,13481.65,4742.866,2302.5671,2439.9856,4548.7935,4827.5703,7826.711,0.6612229,54258.08,7999.3174,19.406754,5281.247
4.5,795.2263,2913.658,2078.72,1563.9314,13503.577,5570.9126,1543.8488,2024.9042,5742.0156,5976.362,7272.856,0.67593306,38493.406,10545.779,19.678331,5234.8984
4.5833335,758.74,2023.1608,1842.3291,16183.769,12135.579,8611.156,1031.8561,1492.8187,5819.546,6513.9272,5507.2485,0.68632805,23714.08,20042.23,18.85131,5098.862
4.6666665,729.58,1437.3771,6818.037,18433.41,13673.985,10012.906,1458.5151,1618.8612,5805.8657,5719.342,4375.047,0.6959515,19299.332,25091.723,17.667465,4942.432
4.75,699.4615,1369.4565,11643.991,20306.363,24470.469,9857.47,2681.776,3491.3713,7267.1396,8036.1025,3520.2483,0.7044619,20491.209,12811.615,16.779476,4849.0337
4.8333335,681.85205,1372.9207,15149.338,25455.137,34106.305,10851.123,3308.9436,5452.5073,7628.053,7993.9307,2704.209,0.008159208,20248.314,11791.734,1439.6855,4775.273
4.9166665,655.63257,2427.6904,11341.828,26664.252,42783.125,9930.151,3211.6685,5267.8887,7386.328,11650.538,4161.6816,0.0050338376,24562.79,9358.167,2149.8572,4701.694
5.0,679.83887,2727.992,8787.947,24755.152,36910.305,7574.8286,2684.8,5280.9653,6008.0674,10927.995,5564.079,0.002077982,36373.742,7109.2896,2190.7192,4632.247
5.0833335,707.69305,3475.228,5773.7803,18721.545,19077.502,6670.015,2161.6794,4057.2195,5222.446,4143.7393,4631.0713,9.6513255E-4,14107.689,5108.95,2036.6948,4584.5933
5.1666665,676.3111,3144.1558,2404.1921,10884.014,13836.077,5381.1743,2035.4493,3205.7542,4845.266,3086.0068,5362.606,5.4707925E-4,14122.455,2614.0125,1947.3108,4537.7207
5.25,644.685,3981.6426,2116.4216,7352.8633,14409.0205,5134.5684,1990.894,3108.3057,4791.457,3722.2222,7841.8516,3.2123306E-4,16784.963,2639.0588,1824.8319,4489.5957
5.3333335,638.27594,4969.2524,2048.4668,5471.6787,15371.492,4949.731,1983.5637,2977.6213,4770.7246,4646.705,10555.629,1.3703464E-4,53460.457,2456.524,1678.312,4441.2393
5.4166665,630.01105,5181.6494,1966.9459,4790.3774,16311.712,4712.243,1713.9788,2669.8496,4530.7495,5764.0264,12983.919,0.016656706,74397.34,5654.147,24.936886,4391.3003
5.5,593.70166,2808.961,1854.3231,4320.3525,16281.66,5329.4087,1326.897,2066.092,5162.5723,6923.149,10174.455,0.02722359,45567.52,9256.543,25.889875,4341.7725
5.5833335,550.4576,1863.2319,1526.7651,24584.068,13815.27,8670.644,851.31055,1437.7515,5152.7896,6197.1606,7669.5684,0.072236456,23022.215,14005.472,24.614534,4286.5986
5.6666665,534.1203,1618.204,7311.1567,44180.047,14823.406,9718.704,956.99634,1431.1356,6036.8486,5193.475,6438.1597,0.1332617,18628.781,14688.264,22.69744,4217.2393
5.75,520.10736,1604.4701,14876.768,28623.768,22024.656,9732.963,1552.1862,2719.297,7686.806,6387.679,5389.6504,0.15047118,18439.902,11448.855,22.156261,4146.9473
5.8333335,503.37527,1522.435,14822.797,31577.484,31028.42,9775.6,1906.3575,4379.882,7823.5396,8411.197,4275.145,0.0020046998,17409.152,12980.625,1966.8467,4077.6587
5.9166665,476.91864,2463.9873,15859.578,28666.486,40161.434,9562.318,1979.9929,5282.796,7057.401,9564.409,6297.587,0.0014302895,36222.145,8551.477,2125.3755,4009.23
6.0,492.97992,3182.7654,11252.373,32054.762,33983.32,8201.504,2404.3706,5541.4995,6204.2314,8818.215,9893.953,0.0011089982,36047.277,5223.261,1727.3849,3945.0283
6.0833335,512.0565,2835.0757,4512.7524,16888.615,15825.3125,5568.755,2313.7512,3884.0981,5925.3135,5772.296,5665.2153,9.288031E-4,11397.63,5105.269,1693.5236,3943.42
6.1666665,496.50665,2783.9888,3400.8306,6045.47,11034.352,5789.368,2016.3767,2950.723,5588.6743,4218.0435,4304.226,6.2810676E-4,9742.535,4201.3286,1624.024,3957.0425
6.25,505.13232,3289.534,3271.2036,5482.195,11162.75,5238.8325,1918.5028,2836.2092,5792.418,4840.998,6367.3057,2.516471E-4,12007.131,2346.0156,1526.1764,3853.6912
6.3333335,510.0682,4600.933,2758.7834,4153.038,11764.478,5261.6973,1706.6462,2847.2925,5965.0464,5754.3525,9282.999,2.5016212E-4,39423.094,2007.3501,1404.8524,3804.6367
6.4166665,519.3382,4931.677,2694.0383,4501.526,12421.16,5294.0913,1626.4554,2704.5857,5912.409,6867.5327,12739.604,2.563504E-4,55881.48,3918.895,20.870176,3814.8289
6.5,519.2186,2809.7205,2597.9153,4744.386,12464.535,8808.058,1487.5912,2289.098,7320.957,6629.7036,14052.698,2.6174492E-4,43291.984,5921.588,22.140018,3824.0818
6.5833335,515.4361,1969.5111,2007.8866,17960.352,10721.455,10305.319,919.01355,1562.9983,5942.136,5310.5054,9903.806,2.663577E-4,19526.408,8530.255,22.883017,3828.1763
6.6666665,514.09753,1607.0166,4262.0137,23067.006,11421.843,12637.962,1032.351,1489.5267,6362.875,4970.7207,6531.4263,2.7020628E-4,17579.47,14696.894,21.468864,3817.8572
6.75,505.53885,1582.6387,9646.684,20800.994,17368.7,13207.272,1825.6559,2686.1914,8088.4834,6717.229,5750.2954,2.733126E-4,18069.283,7254.051,21.0605,3790.8025
6.8333335,504.09567,1585.7947,11817.803,24924.068,26575.086,18633.762,2180.9233,4126.804,9331.493,8938.303,5134.8325,0.0,16290.695,9074.083,1236.6968,3757.933
6.9166665,504.87296,2617.249,11680.962,34160.367,31442.879,14925.886,2703.422,5328.6606,9156.205,10277.745,10097.806,0.0,30772.693,9206.304,1864.9598,3745.619
7.0,531.37866,2439.619,9637.461,24452.385,26996.342,15255.6455,2583.1155,5741.426,8018.241,12622.029,8530.963,0.0,37490.453,6891.3,1699.4525,3737.1301
7.0833335,557.8282,2536.0754,4548.8096,9711.247,14070.201,7713.625,2002.4193,4065.7725,7379.3335,6198.624,5397.7964,0.0,12451.66,4293.5728,1571.0616,3710.5586
7.1666665,548.6529,2642.9944,2645.904,6780.3604,9978.582,7018.7134,2074.5037,2895.1213,6759.618,3305.3162,5522.2417,0.0,10460.815,2225.9075,1492.0553,3643.8003
7.25,543.6696,3221.7559,2572.3542,6162.766,9798.246,6936.3677,2199.8208,2628.1362,6703.3237,4004.2302,8684.631,0.0,12817.628,1720.1782,1390.8535,3595.7668
7.3333335,543.3281,4425.3086,2559.0588,6119.141,10152.724,6905.3037,2146.369,2637.8196,6915.539,4792.759,13171.394,0.0,38518.094,1808.132,1271.2734,3600.2341
7.4166665,545.9607,4946.2407,2635.2468,5938.0674,10617.214,6982.698,1972.063,2502.6357,6812.219,5572.536,17720.414,0.0,64862.266,6773.9746,19.271152,3603.9521
7.5,553.1499,3233.385,2229.998,5969.5425,10322.6455,7731.3647,1645.3275,1966.314,8153.731,5884.8687,17362.965,0.0,50312.555,13721.555,20.803505,3607.0232
7.5833335,561.77747,2021.6901,2188.2576,20431.041,9237.249,10886.062,1095.5526,1475.7217,7490.308,5558.6655,16258.597,0.0,26025.46,14193.212,21.19449,3605.457
7.6666665,563.65735,1597.0586,5101.812,18922.568,11935.591,13345.898,1121.7806,1401.5974,6616.1685,4447.4214,12228.286,0.0,18854.98,24757.65,21.488966,3590.3938
7.75,567.99664,1638.4822,11012.278,17411.77,18232.236,15911.178,1608.3619,2394.2898,8418.495,6073.461,11206.429,0.0,18551.975,17930.832,20.903084,3574.9727
7.8333335,558.6484,1594.3746,16838.703,23208.92,24572.81,15074.07,1930.001,4562.0303,9378.279,8916.593,9598.251,0.0,19226.145,11532.174,1294.7166,3558.8472
7.9166665,567.87695,3097.8022,14407.025,28558.576,31164.54,14209.008,1796.0819,5645.6006,9002.427,12142.005,11021.142,0.0,33013.06,10962.198,1691.1749,3542.559
8.0,615.8875,3053.3235,11821.675,27809.574,25713.531,11580.671,2004.1959,5334.075,8042.5293,8987.574,14455.022,0.0,35973.016,7471.204,1522.3834,3530.071
8.083333,643.78436,3077.4185,5057.8477,18944.068,14194.948,8821.861,1842.3965,4144.4766,7606.415,3684.305,6273.725,0.0,16944.371,5723.96,1418.2991,3520.0027
8.166667,625.722,2880.8293,2993.4644,12217.822,9340.746,7965.011,1925.4388,3170.5679,6880.4277,3224.128,6283.2173,0.0,14520.769,3708.0527,1348.4819,3506.2559
8.25,616.6293,3640.1785,2578.3945,9567.51,9394.557,7725.6284,1710.4031,2991.0754,6835.67,3763.2595,8231.043,0.0,16444.156,2724.1084,1258.0786,3480.1628
8.333333,619.00836,4875.191,2569.0984,8157.2974,9596.319,7440.9365,1680.3525,2913.668,7060.143,4516.7,11049.045,0.0,42473.527,1940.7136,1150.5668,3465.3696
8.416667,626.4858,5120.2627,2591.2988,6955.6055,10028.521,7174.921,1629.6569,2644.8748,7039.6636,5488.7373,12146.9375,0.0,62594.133,7721.7656,16.609108,3450.1223
8.5,627.10767,3035.0146,2670.5757,6507.6724,10259.071,7813.717,1176.6464,1978.216,8482.2295,6520.2383,12790.422,0.0,35249.066,15414.1875,17.527985,3434.426
8.583333,623.30444,1606.4703,1997.8142,26568.855,8885.9795,15128.616,855.5586,1284.7573,6917.9995,6740.9185,12235.337,0.0,20252.682,13191.337,18.099346,3414.3494
8.666667,612.179,1416.1693,7093.4883,41057.223,12015.35,10700.48,952.33075,1180.7605,6911.5737,5030.9463,10430.118,0.0,16929.309,22574.305,18.326471,3381.8887
8.75,594.3494,1484.3972,8906.876,46981.938,19977.688,12063.518,1512.766,2375.9163,7917.6655,5795.782,9479.431,0.0,15995.588,15271.049,17.59873,3348.7756
8.833333,586.0478,1513.3129,11119.238,33608.97,30065.436,14825.823,2185.086,5167.0366,8299.979,6839.9224,8413.403,0.0,14863.927,13401.274,1319.465,3316.1404
8.916667,581.0591,1737.7155,11746.464,46977.258,43644.26,18450.027,2365.3398,5670.501,7750.9253,8887.502,8408.16,0.0,25026.396,10716.5625,2210.5032,3282.2168
9.0,587.4707,2613.8845,12559.768,46269.633,31931.178,13823.228,2102.8403,4903.024,7266.3657,7565.3906,11674.323,0.0,32928.645,3156.7412,1882.841,3252.831
9.083333,623.794,2580.726,4258.6074,24784.229,14618.406,9372.533,2092.0103,3659.1519,6826.9976,4898.0396,4986.162,0.0,9998.529,1649.5112,1621.841,3243.079
9.166667,604.2218,2307.5623,2977.4163,17264.637,10953.233,7639.7715,1890.4916,3204.1814,6426.399,4004.066,4209.2324,0.0,9409.679,1239.5477,1540.7904,3235.692
9.25,589.6135,2982.9475,3182.8271,9393.311,11269.963,7618.709,1997.0378,3145.8022,6450.0146,5244.471,6412.1577,0.0,11012.73,704.66724,1436.5361,3227.9639
9.333333,590.7664,4014.7546,3457.8542,9364.998,11983.037,7751.8364,2035.7416,3035.6516,6413.6396,6847.669,9238.556,0.0,49580.457,623.5566,1314.2974,3219.8018
9.416667,594.6005,3977.613,3437.6548,9300.914,12776.4375,7989.992,2005.3464,2884.9207,6321.9297,8029.8564,12879.24,0.0,68784.734,8613.5,19.993952,3211.164
9.5,593.1463,2487.6804,2945.6426,8494.899,13236.731,9123.374,1646.4214,2293.138,8073.982,8488.921,15574.94,0.0,38490.902,26139.936,20.494122,3202.2434
9.583333,581.8062,1749.6177,2391.35,24070.527,11259.979,15426.022,1033.4191,1589.7614,7696.91,8400.408,11557.615,0.0,20791.656,26281.332,20.798113,3188.7324
9.666667,572.29254,1375.3179,6144.837,20354.379,13015.849,14065.623,1006.89703,1639.0118,7586.6978,7223.5684,8555.638,0.0,15875.289,22466.998,20.39984,3163.3762
9.75,569.64246,1351.1085,13125.314,24811.184,20257.54,14150.56,1213.269,2836.292,9488.601,8854.912,6654.6123,0.0,16565.727,15510.15,20.396023,3137.263
9.833333,567.4457,1312.565,19659.053,31739.312,31943.963,15263.052,1637.1906,4464.7686,10057.522,10031.561,6051.026,0.0,17142.664,8624.855,1166.8683,3111.0059
9.916667,564.6006,1589.1499,17615.205,35379.18,37490.145,14666.452,1736.3826,5225.8374,8999.753,12188.587,8214.179,0.0,31616.547,7529.582,1972.0388,3084.5452
10.0,616.12933,2584.2712,13098.735,26749.373,31987.121,11639.2,2020.9318,5578.362,8277.942,13235.806,9627.355,0.0,37252.918,5603.0146,1912.8665,3062.1025
10.083333,645.62866,2743.2957,7221.5063,19252.137,12989.378,11036.839,1435.4421,4053.1284,7703.822,5155.119,7070.5894,0.0,16494.754,2668.9124,1800.2229,3041.7246
10.166667,617.9997,2795.1553,4109.8154,8014.213,8344.337,9504.253,1243.4385,3166.2446,6963.6064,3702.195,5802.8345,0.0,18356.318,1242.8121,1724.078,2971.2175
10.25,608.13257,4043.936,3487.239,5987.216,8331.485,8723.4795,1352.8086,2976.679,6936.9097,4739.176,8325.289,0.0,23589.21,906.1944,1618.1583,2930.7676
10.333333,603.5934,5502.7314,3679.6328,5553.2554,8606.505,8322.181,1287.141,2965.3865,6767.6406,5971.465,10872.977,0.0,49205.074,714.01306,1488.5343,2877.441
10.416667,600.1671,5879.9604,3807.4497,5384.457,8728.459,8045.106,1231.0964,2732.4626,6660.091,6882.711,13954.352,0.0,61998.94,4596.3755,20.987793,2853.6597
10.5,590.3809,3614.005,3333.392,5279.478,8844.534,8801.589,1030.6324,2225.4495,7739.888,7328.994,16454.598,0.0,46810.016,13037.643,21.821768,2829.8296
10.583333,574.4777,1822.944,2261.9226,11423.307,8283.291,14130.597,742.39154,1443.6656,7299.478,6116.4644,9486.424,0.0,23960.955,22941.87,21.778452,2802.064
10.666667,551.078,1507.2573,4569.111,17454.54,10458.252,21298.078,777.4957,1438.9172,7546.773,4935.0073,7908.41,0.0,16519.432,40416.082,21.028631,2763.0208
10.75,519.9577,1476.3132,9955.95,14650.063,16421.922,19978.566,1028.7582,2845.219,8435.444,5125.1113,6218.6963,0.0,16298.443,36621.79,20.3535,2723.9255
10.833333,508.9434,1455.6699,18230.498,16297.379,23774.697,10284.852,1592.9066,5143.471,8640.834,6461.118,5553.7246,0.0,16857.312,10335.195,1440.7461,2685.0957
10.916667,505.41995,2128.6663,20309.793,15499.168,31011.068,9342.734,1536.2766,5564.327,7838.9497,8209.983,8049.432,0.0,28085.654,10841.121,2329.4001,2646.1912
11.0,562.71185,3434.3623,13387.816,17848.373,25809.695,8771.748,1599.8662,5023.2505,7215.5005,7712.87,11181.196,0.0,37237.5,9773.486,1984.6996,2611.0667
11.083333,580.89655,3082.9756,3869.2654,12593.015,13170.059,7627.9526,1383.8634,3888.04,6781.0957,4962.5347,6713.1016,0.0,13416.462,5496.05,1715.297,2497.342
11.166667,542.182,2585.9172,2660.7517,7256.159,9785.641,7243.524,1329.1565,3164.3367,6326.6064,4274.216,4761.8916,0.0,12357.216,2504.663,1646.812,2383.9443
11.25,516.3333,3448.9514,2802.8848,6019.4736,10367.036,7180.3647,1237.2954,3135.8394,6374.056,5539.3325,7211.161,0.0,13943.516,1696.6614,1549.4697,2358.903
11.333333,511.25754,4696.259,3009.0989,4947.3096,11110.972,7075.934,1199.4694,3073.4565,6434.2295,7181.24,10329.147,0.0,51657.56,1592.8501,1429.6481,2333.9004
11.416667,500.13974,4485.2686,2799.688,4301.8975,11879.465,6626.1733,1115.4587,2822.4028,6416.64,8787.742,13441.205,0.0,51086.695,8625.63,21.12134,2308.9395
11.5,489.90945,3179.1274,2803.8442,4131.5723,12070.04,7336.905,813.5172,2095.4172,7767.4575,9371.673,16034.201,0.0,41177.42,8411.914,22.525093,2284.032
11.583333,477.02066,2069.535,2373.0752,25443.783,10210.662,10622.09,600.97614,1543.4991,7473.7803,9241.766,14665.804,0.0,23829.824,6960.0825,23.492498,2255.1323
11.666667,466.4615,1448.4901,7203.5815,29817.514,12381.457,11945.713,942.0545,1723.6948,7159.6396,7204.811,9238.528,0.0,18868.77,12727.656,23.254536,2214.4617
11.75,448.38867,1468.6923,11697.106,23013.725,22129.129,11616.207,1555.8562,3799.995,7868.485,8522.355,8230.923,0.0,18646.479,12901.859,23.967873,2174.7307
11.833333,435.7541,1498.134,13465.819,24508.547,32951.77,10752.397,2062.9285,6472.689,8204.931,10453.516,7254.5938,0.0,18435.852,11768.762,1899.9867,2134.9543
11.916667,432.95148,2341.5286,12159.628,21257.295,42879.516,9866.676,2161.5737,6543.9463,8113.674,11347.93,9627.295,0.0,22372.984,13412.341,2012.5894,2095.1125
12.0,465.44696,2814.3057,11291.474,24323.016,36853.73,8448.222,2083.3228,6191.371,7736.021,12831.705,13713.036,0.0,31469.197,8487.473,1746.7285,2059.6318
12.083333,504.57614,2945.2803,5462.679,15272.341,19838.814,7394.7114,2040.9617,4639.221,7377.9336,7128.605,7933.1797,0.0,17094.658,4549.6895,1646.749,2045.6605
12.166667,494.8835,2675.1309,2748.7246,7765.0303,12385.436,6886.8833,2301.1519,3849.428,6963.3433,4572.4346,7177.8203,0.0,15599.653,2504.7356,1577.2399,2034.5844
12.25,499.9181,2925.89,2751.22,5966.329,12877.562,6344.069,2508.7847,3797.2153,7028.51,5025.478,9574.306,0.0,19215.168,1694.2268,1480.3484,2023.3612
12.333333,513.9235,3873.2366,2581.2502,6344.087,13715.148,6109.736,2483.4397,3573.3562,7150.548,6063.4336,13616.892,0.0,42778.184,1758.8977,1360.1377,2012.1406
12.416667,526.0582,3892.061,2821.6345,6686.282,14754.982,6065.213,2275.1387,3339.9426,6838.112,7308.327,18341.457,0.0,69607.83,8884.303,20.410576,2000.869
12.5,529.04315,2536.0464,2798.065,6640.9316,15207.122,6512.997,1839.6128,2745.8027,7843.2695,8600.2,16279.517,0.0,49265.11,9165.233,20.87173,1989.282
12.583333,519.8094,1905.7382,2153.9397,27157.008,12938.677,12445.435,1215.5924,1790.0059,8013.6343,7175.5537,9243.901,0.0,27270.82,18543.361,22.009352,1973.479
12.666667,507.238,1594.212,6267.941,27100.732,14576.952,7964.044,1370.6129,1652.2965,7797.2866,5789.8906,8507.249,0.0,22619.379,24136.355,23.028776,1945.0161
12.75,505.2501,1643.3466,10216.396,26860.924,22694.932,7496.0615,1838.4698,3089.8394,9603.902,6323.682,8181.6553,0.0,22814.594,23261.938,23.785143,1915.9991
12.833333,506.48914,1628.6448,13943.413,28999.389,33346.73,7488.2983,2094.6843,5541.3726,10388.669,8687.75,7641.737,0.0,21742.55,16757.86,1700.0659,1887.4198
12.916667,506.4269,1910.044,13141.5,36311.277,36875.46,7635.64,2183.9214,5743.548,9774.824,9683.646,9246.247,0.0,29941.299,13890.262,2495.828,1858.488
13.0,554.3557,2962.0825,9044.137,34891.367,30154.883,7845.064,2006.1139,5087.468,8436.371,9974.578,11354.876,0.0,28648.955,11175.883,2036.9731,1833.6918
13.083333,538.15466,2941.3352,3116.8994,27466.846,14717.439,8483.397,1983.1129,3611.642,7984.8325,4515.8745,7865.513,0.0,9021.915,8163.216,1908.823,1825.2822
13.166667,501.87445,2799.7253,1878.0952,12372.024,9513.802,7517.5234,1650.3308,2970.3079,7633.48,3424.9758,6477.156,0.0,7423.0015,5439.8525,1809.007,1817.7325
13.25,473.4164,3276.2124,1635.9338,9702.937,9505.2295,7265.9453,1601.4923,2922.1504,7852.9795,3753.6472,8616.241,0.0,8829.174,3355.091,1683.2743,1810.0852
13.333333,466.01523,4152.824,1648.5294,9051.427,9629.781,7262.633,1466.2236,2859.791,8145.2905,4232.4673,11337.269,0.0,31558.576,3398.055,1535.9619,1802.3436
13.416667,470.82108,4802.7056,1698.364,8611.651,10180.294,7248.358,1380.5483,2729.362,8011.6187,4828.584,13518.154,0.0,53301.973,13362.741,22.615803,1788.6313
13.5,466.29053,2700.6106,1749.919,8721.049,10382.181,9254.104,1057.1284,2048.7065,9006.524,5536.455,14799.654,0.0,41235.61,21191.416,24.289787,1780.7344
13.583333,449.89258,1442.5486,1704.4775,42501.55,9210.307,13039.242,656.26117,1436.8899,8085.842,5767.3267,14273.5625,0.0,19124.025,19110.55,25.400778,1767.9509
13.666667,442.69873,1202.1482,6281.815,47590.05,12026.042,11863.362,986.39874,1451.1215,7824.818,4281.0195,12013.182,0.0,16678.479,20260.516,25.763279,1740.6067
13.75,438.18094,1157.7793,10742.1875,52443.76,20005.467,14808.444,1659.192,2184.729,9475.968,5170.386,11808.341,0.0,17786.922,16746.707,25.765903,1713.0453
13.833333,436.00424,1187.3484,15724.579,36962.848,30071.92,15510.533,2400.915,4134.406,10576.219,6126.598,10505.378,0.0,17666.912,13582.375,1356.7844,1684.9182
13.916667,442.00464,2255.206,14697.578,40597.21,39744.277,15526.235,2443.126,5530.1606,10054.376,8255.937,14522.506,0.0,29102.805,8968.131,2004.3085,1657.7609
14.0,464.95624,2717.6204,9970.986,37058.19,29151.959,11900.377,2229.1968,5404.813,8533.835,9018.829,12961.562,0.0,39982.535,8204.388,2091.499,1634.9205
14.083333,465.50793,2873.0374,4638.561,22601.445,13266.177,9506.605,1743.4957,4374.6035,8010.6245,5128.211,7973.5063,0.0,14214.821,5277.373,2014.875,1620.4141
14.166667,438.00287,2667.905,2153.9482,10233.357,9992.138,7918.7744,1623.9222,3616.8896,7218.246,3045.9001,5400.645,0.0,12792.388,3640.4255,1904.1957,1603.719
14.25,436.34744,3333.4402,2012.2095,6647.6787,10310.175,7001.9834,1447.2062,3457.5544,7145.367,3203.7224,6640.5464,0.0,14896.193,2298.4878,1767.6327,1587.1012
14.333333,435.04318,4167.091,2040.2751,6095.8184,10961.927,6864.5186,1361.4468,3488.9722,7358.381,3724.504,8712.945,0.0,39015.32,1092.2231,1609.9747,1570.5608
14.416667,432.56436,4459.8604,2010.9207,5175.836,11644.732,6859.293,1254.5919,3353.8865,7415.2744,4356.128,10972.741,0.0,55518.727,4419.8423,22.820917,1554.1002
14.5,426.65817,2891.4617,1991.6794,5030.1445,12169.187,8590.092,916.77264,2621.0474,8310.948,4890.3647,10295.179,0.0,44435.35,8405.242,23.763512,1537.7222
14.583333,416.70596,2010.4915,1682.5464,28602.11,10893.717,12583.022,783.13763,1906.9438,7958.5435,4942.924,10274.322,0.0,20418.566,9198.292,24.92223,1516.7756
14.666667,411.32532,1601.9001,4651.833,31885.553,13691.366,14075.566,1404.4094,1536.2455,7764.369,4655.986,7676.4956,0.0,15043.076,14473.404,25.422829,1481.0056
14.75,408.56293,1576.4114,10407.289,31046.438,23033.941,12125.998,2344.317,2361.8909,8633.644,6027.359,5652.041,0.0,14742.235,16267.687,25.117308,1443.8326
14.833333,409.1403,1657.9697,17799.158,34382.344,35035.465,13533.101,2502.6519,5248.936,9336.506,7505.736,5126.688,0.0,14656.219,10240.68,1344.4858,1407.853
14.916667,411.4743,2791.3115,20550.734,29080.842,41401.547,14188.212,2546.0369,6056.2812,8811.996,10504.249,9406.272,0.0,31483.303,10064.856,2064.3452,1370.9154
15.0,441.16986,2721.6128,10476.016,28031.373,34345.223,9654.747,2388.5078,4905.4927,8224.222,8203.877,12949.001,0.0,37457.41,4611.6045,1677.8578,1338.6648
15.083333,466.13834,2923.9026,4533.884,20839.559,16874.354,7593.4478,1845.5977,3919.9163,7138.0127,4140.927,5234.4414,0.0,11678.968,2512.5488,1582.2772,1318.7421
15.166667,451.90445,2431.284,2729.5876,13416.953,11744.272,7306.775,1665.1458,3274.736,6274.548,4130.042,5207.7847,0.0,10679.956,2072.7278,1513.8817,1297.2637
15.25,430.8721,2588.7559,2621.808,10464.39,12121.16,7086.951,1692.0228,3246.793,6204.981,5278.9854,7384.7944,0.0,12573.784,1560.102,1419.9508,1276.0676
15.333333,425.6091,3390.4158,2581.5654,8289.563,12966.655,6501.432,1635.6174,3220.407,6204.5757,6787.5264,9954.527,0.0,45149.13,962.05676,1304.4984,1255.1525
15.416667,427.70734,4111.46,2468.8281,7697.558,13862.877,6160.303,1410.8477,3097.738,6113.655,8224.759,11992.816,0.0,65719.15,5358.9253,19.468487,1234.5167
15.5,426.5061,3498.649,2298.6318,7539.374,13014.93,10291.702,1043.96,2439.6367,7783.8564,10109.321,12669.896,0.0,40980.207,16075.171,20.520033,1214.1587
15.583333,406.833,1717.7438,1992.2053,26150.227,11505.3,13729.106,744.4003,1508.484,6864.9624,7371.071,10563.58,0.0,26800.844,28937.92,21.155184,1187.9404
15.666667,392.56805,1252.0388,5373.0425,29607.205,13290.265,7784.1387,1156.3287,1372.8184,6239.1436,6192.7734,8166.096,0.0,19825.188,12933.511,21.689594,1143.6285
15.75,377.2797,1259.5393,11791.657,25110.62,21884.133,7910.597,2007.5305,2391.8516,7723.479,7399.3496,7130.406,0.0,19869.83,13623.598,22.036585,1100.1741
15.833333,372.07706,1277.7216,16210.282,26148.354,33429.414,10148.504,2173.105,4183.6665,8631.879,8148.9297,5837.1104,0.0,20613.568,23203.479,1919.2839,1060.9916
15.916667,368.96704,1627.3608,15938.416,40959.25,46379.996,12229.545,2224.8833,4833.7646,7813.6343,11031.18,8670.532,0.0,33711.7,20880.873,2710.3928,1020.1056
16.0,394.23978,2749.2048,10141.978,21495.271,35925.91,10190.854,1932.633,4249.875,7121.0117,10269.661,12106.095,0.0,30210.709,8628.45,2436.08,983.65674
16.083334,400.1176,3205.553,4107.543,17548.666,15756.373,8562.6455,1926.5181,3569.2632,6564.804,4241.8574,4880.957,0.0,10960.989,6369.726,2235.9011,959.9267
16.166666,397.9862,3061.269,2443.326,8361.031,11467.197,6318.984,1673.4694,2679.332,5789.983,3521.3733,3797.0488,0.0,10865.214,4003.265,2135.4092,934.3547
16.25,400.541,3544.0764,2363.7554,7463.8115,11973.097,5648.699,1544.534,2575.7256,5666.6904,4008.6006,6190.4663,0.0,13322.984,1532.0833,1999.6185,909.42206
16.333334,399.87952,4680.1436,2472.542,6357.2427,12904.88,5390.15,1404.85,2500.3132,5539.0127,4589.093,8532.298,0.0,40146.21,1372.7927,1835.493,885.11456
16.416666,400.26175,5735.364,2572.5828,6198.6787,13881.221,5260.952,1322.9558,2315.466,5254.0186,5447.211,11126.915,0.0,63410.1,7241.9507,28.091015,861.4183
16.5,396.57742,3606.4182,2630.0066,4882.7534,13896.285,9609.013,1138.8273,1800.5305,6541.4546,6459.2383,11984.736,0.0,40559.773,9659.302,29.824448,838.3194
16.583334,381.76016,1933.7993,2045.1675,32904.66,10839.137,13043.869,824.41907,1163.8242,5222.498,6696.2476,7559.3438,0.0,19679.477,10879.434,30.325195,809.4619
16.666666,363.69714,1503.7327,4851.68,19383.807,11917.832,12679.687,1083.3578,1270.7047,5990.927,4177.676,4966.7153,0.0,15399.831,13564.578,29.882145,764.4588
16.75,349.43088,1491.2062,10710.957,16241.101,18409.023,10439.248,1761.7941,3321.0198,7416.8237,6440.754,4258.0835,0.0,16634.125,6515.464,28.80061,720.8837
16.833334,336.16794,1498.735,17318.555,17978.623,25140.592,11425.419,2193.8206,4875.102,7811.942,8010.331,3454.9521,0.0,15977.151,7524.2124,1348.5692,677.19904
16.916666,319.894,2068.948,14212.476,21608.477,30516.875,11685.967,2393.232,4747.388,7379.3457,9216.644,5472.167,0.0,27744.71,6188.1147,2213.027,635.57806
17.0,338.28043,2714.8936,14164.229,22443.05,28743.479,9381.838,2624.1233,3657.9126,6498.298,8703.261,5857.222,0.0,40807.355,5224.9375,1997.6456,598.86884
17.083334,372.19952,2909.5283,7933.5527,15845.514,15111.077,6545.1357,1604.5706,3179.7112,6231.8447,5015.099,5169.341,0.0,16565.576,4289.62,1884.0522,592.5464
17.166666,374.8894,3311.6492,3132.8755,12230.0205,10099.781,5931.5557,1490.812,2693.6663,5918.174,4073.7698,4174.492,0.0,14807.884,4485.8506,1798.5365,589.57025
17.25,358.52112,3968.3572,2986.426,9380.265,10287.634,5441.227,1590.5908,2788.5088,6205.554,4589.343,7040.7764,0.0,18709.924,1303.8619,1683.4796,586.58545
17.333334,366.9922,5144.93,2975.0137,6124.4546,10781.689,5388.5684,1586.6454,2774.3628,6611.1934,5380.2817,11120.184,0.0,43847.375,1079.2599,1542.5767,583.5925
17.416666,369.52896,5212.993,3174.0286,6523.6553,11158.895,5658.8467,1452.1833,2712.0745,6232.7334,6515.4233,14682.342,0.0,62954.27,8449.348,22.972244,580.59216
17.5,373.95294,3715.9307,3066.4475,6322.683,10993.23,5790.128,1145.2052,2253.1416,7996.7695,7250.7188,18651.709,0.0,44616.395,13714.349,24.11613,577.58484
17.583334,377.49503,2448.9424,3088.6165,31067.969,9732.653,14100.068,794.91003,1483.2583,7288.458,5794.8267,16609.18,0.0,23788.447,10547.313,26.227522,567.72327
17.666666,380.23727,1787.2437,6343.6206,26048.47,12804.425,12088.121,857.0745,1382.9154,7052.811,5233.571,11459.236,0.0,19654.047,16094.498,27.744823,533.9884
17.75,364.17084,1823.5201,15150.89,23505.703,21659.682,11322.407,1253.3534,2877.9758,8465.255,5714.812,10086.118,0.0,20698.285,16219.703,27.452961,498.7592
17.833334,366.49805,1904.1553,19768.803,28119.291,34269.547,10225.343,1996.6414,5724.1016,9522.073,6342.048,9545.841,0.0,20994.867,12396.666,1873.3652,466.19647
17.916666,378.5294,2559.7937,21495.25,39555.03,42066.535,9927.767,1783.4402,6709.767,9439.839,8315.445,9844.372,0.0,29553.87,12606.499,2303.0288,435.14108
18.0,400.18192,3251.9343,15878.513,33836.05,30825.441,8166.094,1907.0477,4765.567,8644.793,10865.592,9330.558,0.0,26513.775,9250.398,1954.4923,406.99738
18.083334,403.7153,3694.5896,6398.584,19356.846,16667.303,7494.6245,1787.8896,3814.9272,7777.961,4264.659,7218.4316,0.0,16564.527,5026.907,1849.1266,404.4854
18.166666,385.70935,3384.5032,3355.5234,10449.329,11765.531,7576.041,1906.6378,2979.3447,7305.1357,3824.3813,7767.3545,0.0,18392.346,3192.8325,1775.6028,401.86087
18.25,370.98206,3969.8892,2578.443,8418.569,12219.424,7694.6045,1619.9854,2898.5466,7620.213,4754.8916,11586.157,0.0,21949.604,2447.4023,1670.3992,399.2391
18.333334,369.9532,5299.099,2657.9734,7414.2983,12830.112,7753.116,1554.9292,2806.2537,7820.718,5965.566,16691.121,0.0,44429.098,2164.6384,1536.1532,396.6205
18.416666,374.17877,6334.698,2723.5747,7171.602,13616.006,8047.2,1488.2881,2641.3271,7746.105,7494.748,19843.023,0.0,58958.76,4180.8076,23.450478,394.00543
18.5,376.22342,3795.4683,2817.1309,7055.6396,12170.608,9509.411,1279.0454,2211.8867,8462.821,7635.395,18887.617,0.0,35293.01,5951.607,25.006458,391.3942
18.583334,371.73456,2060.261,2441.9556,24056.611,9679.986,15342.933,818.7493,1548.0289,7242.4307,7291.476,12453.743,0.0,17203.748,10055.875,26.422121,379.5428
18.666666,364.1989,1711.7964,6187.3228,32760.248,12430.524,15281.72,1013.5769,1542.2332,7491.864,7504.9023,8948.183,0.0,14919.94,19296.955,27.227386,338.23514
18.75,368.20413,1748.5813,12737.666,34136.25,19550.332,14619.983,1584.6626,2601.5098,9068.215,8994.11,8732.915,0.0,14876.036,17806.734,28.185913,294.8607
18.833334,372.7775,1781.655,16653.701,30990.94,31669.178,14618.363,1730.6797,3917.0195,9763.687,12419.1455,8241.794,0.0,15007.156,12722.963,1866.7036,254.26938
18.916666,379.27786,2450.516,21524.75,29284.162,39794.28,13559.157,1935.2365,5939.3403,9300.375,14147.021,11910.657,0.0,23624.014,7330.324,2144.4382,225.16486
19.0,396.6706,3158.3782,12484.074,30650.832,29193.504,11277.24,2089.1733,6157.837,8548.752,9260.544,12580.721,0.0,34731.176,4707.6577,1542.9971,199.68953
19.083334,406.96814,3511.353,5483.17,21193.082,17778.492,9589.226,2104.094,4589.43,7945.6167,4776.481,10614.274,0.0,13439.7295,3657.394,1227.3077,197.2827
19.166666,391.14203,3276.417,3181.2324,9248.222,12880.845,8874.302,2118.6558,3462.3967,7141.3535,3718.7593,5905.5103,0.0,13671.949,2440.4028,1165.6724,194.54948
19.25,390.8004,3999.8782,2365.007,7426.534,13529.836,8480.609,1960.746,3328.1338,7222.431,4311.55,8215.228,0.0,15402.788,1926.3086,1086.717,191.848
19.333334,390.04797,5348.9946,2496.2686,6813.559,14685.857,8534.569,2012.677,3309.2344,7473.5273,5186.549,10520.638,0.0,45430.883,1504.7566,988.4783,189.1781
19.416666,387.41272,6527.753,2541.5278,6972.801,15476.643,8518.973,1970.2754,3100.2131,7337.368,6195.452,12780.564,0.0,63858.527,7563.3364,14.745042,186.53958
19.5,381.53195,4357.0747,2396.125,7487.2876,15620.787,9424.739,1581.8203,2403.4065,8912.356,6342.7617,12786.317,0.0,42213.59,13955.902,15.672349,183.93225
19.583334,367.35458,2129.0713,2293.5068,27494.273,12228.108,11781.677,1133.5864,1673.5852,7089.1406,5809.5513,10412.788,0.0,24867.248,21599.934,16.662193,177.09372
19.666666,361.50568,1851.1915,6677.001,33026.625,15123.234,13372.959,1622.2482,1925.4607,7191.6587,5269.419,6342.414,0.0,21529.66,16876.553,17.160732,151.41176
19.75,356.7712,1887.3177,12562.724,22841.559,22386.479,14613.127,2275.8376,3257.8682,8643.003,5882.7183,5695.7837,0.0,21486.592,14260.4375,17.773338,128.34688
19.833334,351.56363,1931.1252,16280.109,27473.389,32601.227,14362.677,2519.3608,4563.298,9691.556,7071.1304,4994.9785,0.0,21209.56,12077.917,1323.8157,100.58655
19.916666,348.50797,3124.1514,16915.482,33812.625,44010.99,14870.482,2539.181,5056.3804,9537.488,9153.88,5721.7144,0.0,32393.049,9851.113,2029.9479,37.829437
20.0,371.16714,3583.4578,11160.877,27254.693,37037.344,9439.227,2737.137,5376.6577,8173.006,10757.929,7735.014,0.0,39567.332,7533.8247,1835.3835,0.0
